evolution$generation,panic0,staminaH,inf,hunt0,staminaZ,fitness
193000,4.977796886115791,1.518364111229561,0.01979290455752845,7.350933666105792,1.7621631686321384,782428.77463987
