evolution$generation,panic0,staminaH,inf,hunt0,staminaZ,fitness
340000,6.5353919827770985,1.1179394314446263,0.01977178780032618,8.642522852777065,1.498326614305832,781082.420598886
