evolution$generation,panic0,staminaH,inf,hunt0,staminaZ,fitness
435000,7.02605855158528,1.0350890731979205,0.019780643654810467,9.523372458131881,1.3624576896601615,780642.3778812019
