evolution$generation,panic0,staminaH,inf,hunt0,staminaZ,fitness
141000,3.9779683164306934,1.9495396844886956,0.019840656807628986,7.220929440052045,1.8081646822785735,783687.7611985663
