evolution$generation,panic0,staminaH,inf,hunt0,staminaZ,fitness
412000,6.919556071662713,1.0533539789692592,0.019768717458397034,9.325079129004186,1.3870707412227805,780731.3997769585
