evolution$generation,panic0,staminaH,inf,hunt0,staminaZ,fitness
472000,7.160825041226465,1.0135041772158788,0.019780935779195916,9.890458151543251,1.3145816748187207,780494.9387930585
