evolution$generation,panic0,staminaH,inf,hunt0,staminaZ,fitness
94000,2.9649616951277866,2.795556855205235,0.02002128985906444,7.1620064557070044,1.8772397488223527,787146.018098136
