evolution$generation,panic0,staminaH,inf,hunt0,staminaZ,fitness
138000,3.9003218383904845,1.9396184432411294,0.019861598331940285,7.237887966868049,1.8071502978742822,783789.1912785978
