evolution$generation,panic0,staminaH,inf,hunt0,staminaZ,fitness
425000,7.004576227909571,1.035856643075087,0.019786320343802788,9.434478161632674,1.37824416222317,780681.7181971377
