evolution$generation,panic0,staminaH,inf,hunt0,staminaZ,fitness
273000,6.063515248879168,1.2117487323251206,0.019786083524513786,7.865528124368644,1.6481690528717012,781592.5072240501
