evolution$generation,panic0,staminaH,inf,hunt0,staminaZ,fitness
179000,4.7192745179761815,1.594092054055652,0.019801581615104417,7.289612408988965,1.7726334126379653,782666.6297788967
