evolution$generation,panic0,staminaH,inf,hunt0,staminaZ,fitness
155000,4.241980193903793,1.8121090118169008,0.019820287958330244,7.245240472484553,1.7950779056410688,783247.5623718852
