evolution$generation,panic0,staminaH,inf,hunt0,staminaZ,fitness
220000,5.391890072390635,1.3832214816471675,0.01978724903479525,7.444789342493128,1.7378365478815736,782103.6623063255
