evolution$generation,panic0,staminaH,inf,hunt0,staminaZ,fitness
346000,6.614200407546308,1.1038370930534602,0.019778359965060707,8.719280874415167,1.487418378558651,781035.3230048157
