evolution$generation,panic0,staminaH,inf,hunt0,staminaZ,fitness
330000,6.4663399968655995,1.12608278075621,0.019773610303221497,8.539411555580864,1.515132567066274,781143.7054337208
