evolution$generation,panic0,staminaH,inf,hunt0,staminaZ,fitness
350000,6.616820271439014,1.103773148983156,0.019781000659987204,8.771880569108795,1.478437892722718,781011.2444482094
