evolution$generation,panic0,staminaH,inf,hunt0,staminaZ,fitness
151000,4.169408832523307,1.8378349747768277,0.019812994479911056,7.242706469125676,1.7958775032082188,783341.6412536744
