evolution$generation,panic0,staminaH,inf,hunt0,staminaZ,fitness
244000,5.848928574259113,1.2661477442556308,0.019785397904215307,7.573019422690599,1.7078744467309521,781832.2944209451
