evolution$generation,panic0,staminaH,inf,hunt0,staminaZ,fitness
40000,1.9884515913473122,4.438793830995978,0.021950924097534984,0.7155801613390984,20.16600224048283,868523.9033380693
