evolution$generation,panic0,staminaH,inf,hunt0,staminaZ,fitness
456000,7.069237851178416,1.0249951759020615,0.019772824738287103,9.742522707112498,1.3317151417107234,780552.9631070329
