evolution$generation,panic0,staminaH,inf,hunt0,staminaZ,fitness
261000,6.011087558087682,1.2226564353697273,0.019805057651523853,7.779007444903624,1.6713376322583018,781664.8740578819
