evolution$generation,panic0,staminaH,inf,hunt0,staminaZ,fitness
76000,2.401120084895414,3.372946473552273,0.020345824997783663,7.1565288589408675,1.957887588388942,791653.2640693553
