evolution$generation,panic0,staminaH,inf,hunt0,staminaZ,fitness
449000,7.038631369846258,1.0324687930390613,0.019774505706754333,9.709380174283414,1.337507527928371,780570.9260878507
