evolution$generation,panic0,staminaH,inf,hunt0,staminaZ,fitness
143000,4.00558302772081,1.922739199537825,0.019825467184536684,7.221678501127441,1.8014035452709944,783612.2772228221
