evolution$generation,panic0,staminaH,inf,hunt0,staminaZ,fitness
303000,6.347459153417212,1.1513188755795205,0.019782801805420042,8.311338691152754,1.5608558985990986,781284.1552059089
