evolution$generation,panic0,staminaH,inf,hunt0,staminaZ,fitness
81000,2.5834829759002065,3.3581065820807416,0.02024465391330975,7.15735678115245,1.9289417406430784,790326.4220684187
