evolution$generation,panic0,staminaH,inf,hunt0,staminaZ,fitness
408000,6.871299596584912,1.0556825111152652,0.019758990317031246,9.285374628336939,1.3946179858977055,780750.8625531243
