evolution$generation,panic0,staminaH,inf,hunt0,staminaZ,fitness
89000,2.7940182895070778,3.1003447561198705,0.020039792944555056,7.147310663644395,1.8747184844907425,788479.0668373904
