evolution$generation,panic0,staminaH,inf,hunt0,staminaZ,fitness
311000,6.410785796327749,1.1442449603940006,0.01978266068718874,8.347791255731492,1.5531656115788894,781253.1248703164
