evolution$generation,panic0,staminaH,inf,hunt0,staminaZ,fitness
384000,6.842928126058092,1.0645961018996972,0.019770547960790842,8.98231495516837,1.4422357547740532,780880.9023766372
