evolution$generation,panic0,staminaH,inf,hunt0,staminaZ,fitness
41000,1.9884116550299016,4.435853675957148,0.0217601655287834,0.7132357290034529,20.12531275936445,866798.9268246444
