evolution$generation,panic0,staminaH,inf,hunt0,staminaZ,fitness
366000,6.725494782529146,1.083852670052202,0.019771154925157065,8.886687908793533,1.4591041370327513,780941.8852560206
