evolution$generation,panic0,staminaH,inf,hunt0,staminaZ,fitness
147000,4.086449921606028,1.8792421546013314,0.01984909052979938,7.22547129759556,1.8046494139476288,783485.0711172546
