evolution$generation,panic0,staminaH,inf,hunt0,staminaZ,fitness
172000,4.516019042640668,1.6753735449923954,0.019815028500565608,7.289697819187066,1.7828211096736921,782864.6139582457
