evolution$generation,panic0,staminaH,inf,hunt0,staminaZ,fitness
82000,2.58367341104329,3.3591364921799163,0.020189912346635766,7.157339393464277,1.9232353448223298,790140.5433639752
