evolution$generation,panic0,staminaH,inf,hunt0,staminaZ,fitness
429000,7.006018622907904,1.035856533530912,0.01977571210224195,9.45213341461816,1.3722189577132258,780669.3950821286
