evolution$generation,panic0,staminaH,inf,hunt0,staminaZ,fitness
50000,2.0165989625243244,4.435019020458873,0.020902078056844565,0.7383650243380953,16.977394330116034,849704.0981307165
