evolution$generation,panic0,staminaH,inf,hunt0,staminaZ,fitness
4000,85.82282980406679,76.85075584125796,0.09268737783751699,5.717815280508924,99.98664838187152,3682715.806685894
