evolution$generation,panic0,staminaH,inf,hunt0,staminaZ,fitness
67000,2.169730210531904,4.081481450457317,0.020531681716202847,7.157247385474733,2.012228072498221,795663.5301913319
