evolution$generation,panic0,staminaH,inf,hunt0,staminaZ,fitness
106000,3.1357079134220043,2.5681663566812007,0.019915509637581073,7.1706769338130725,1.838163131056752,786061.8436235222
