evolution$generation,panic0,staminaH,inf,hunt0,staminaZ,fitness
475000,7.193836367502823,1.0094429634253035,0.019782167302632367,9.895420299634932,1.3139158852243702,780490.4775290049
