evolution$generation,panic0,staminaH,inf,hunt0,staminaZ,fitness
208000,5.193681103035912,1.432381939179301,0.019802701521558285,7.417899007564592,1.7498832138679192,782229.5116970954
