evolution$generation,panic0,staminaH,inf,hunt0,staminaZ,fitness
16000,1.236753492140278,7.832901424556287,0.025365483679445643,0.6721774388249286,34.2789008526193,1038897.1968271596
