evolution$generation,panic0,staminaH,inf,hunt0,staminaZ,fitness
72000,2.2604665737256293,3.896064822507582,0.020390821506724995,7.16265657680752,1.9617507837754888,793803.6039162129
