evolution$generation,panic0,staminaH,inf,hunt0,staminaZ,fitness
181000,4.741633715560186,1.5754907111292553,0.01978417508832363,7.305531716250396,1.7725320596215357,782629.767568005
