evolution$generation,panic0,staminaH,inf,hunt0,staminaZ,fitness
354000,6.6736466337246005,1.0955544191907842,0.019776497094201862,8.808189687717082,1.473132969309376,780987.9733042337
