evolution$generation,panic0,staminaH,inf,hunt0,staminaZ,fitness
224000,5.4871357757197075,1.3579984141580121,0.01981028423047744,7.478598360280275,1.7379654368099573,782046.5732678629
