evolution$generation,panic0,staminaH,inf,hunt0,staminaZ,fitness
23000,1.3145100782768113,6.589625352817433,0.023690226821490502,0.659883849238697,25.63960214318664,931659.2697948813
