evolution$generation,panic0,staminaH,inf,hunt0,staminaZ,fitness
167000,4.4382223854719225,1.7189944348435051,0.01981827233534658,7.284813410985208,1.7840761575285284,782966.1986842452
