evolution$generation,panic0,staminaH,inf,hunt0,staminaZ,fitness
100000,3.0480251412435955,2.6600095169327775,0.019977676219776662,7.168058668037289,1.8510312672854055,786521.2289732534
