evolution$generation,panic0,staminaH,inf,hunt0,staminaZ,fitness
419000,6.97060462992259,1.0444734351911549,0.019778749060666102,9.371604391490273,1.3854344983507727,780708.0968375949
