evolution$generation,panic0,staminaH,inf,hunt0,staminaZ,fitness
468000,7.113938161745537,1.0161294791220659,0.019761620983702953,9.839894845247702,1.3159986910796109,780510.8450589206
