evolution$generation,panic0,staminaH,inf,hunt0,staminaZ,fitness
398000,6.848395362363282,1.0625103155036961,0.019778266431164766,9.195901643603193,1.412365046233692,780795.0539986358
