evolution$generation,panic0,staminaH,inf,hunt0,staminaZ,fitness
57000,2.0282735686697326,4.418372572330561,0.0207933265416515,0.8349598254317026,15.531642588443162,842147.8506498947
