evolution$generation,panic0,staminaH,inf,hunt0,staminaZ,fitness
343000,6.59347702531882,1.1111735012939983,0.019770094358959326,8.693785748768187,1.4879421909690471,781050.2949041936
