evolution$generation,panic0,staminaH,inf,hunt0,staminaZ,fitness
493000,7.211192005350458,1.0065248947678085,0.01977707336385665,10.041549354098544,1.2897681433244772,780440.7894855391
