evolution$generation,panic0,staminaH,inf,hunt0,staminaZ,fitness
24000,1.3146019102455173,8.508785123279058,0.023684334300027657,0.6968525165829385,23.515466694527063,928333.8779951821
