evolution$generation,panic0,staminaH,inf,hunt0,staminaZ,fitness
345000,6.614191885779568,1.1057230599432575,0.019769970500286674,8.706189084448749,1.4874390370907387,781040.0948598513
