evolution$generation,panic0,staminaH,inf,hunt0,staminaZ,fitness
1000,94.57631042630543,85.11159027556312,0.3401614928263553,72.37267820735302,100.0,4860520.35268921
