evolution$generation,panic0,staminaH,inf,hunt0,staminaZ,fitness
455000,7.061584373524038,1.0311496162310378,0.01976801697474775,9.74247510372299,1.3317506138668402,780556.1659723166
