evolution$generation,panic0,staminaH,inf,hunt0,staminaZ,fitness
462000,7.101848228946293,1.0201747184859533,0.019779214306759788,9.781803259484615,1.3295111564928515,780540.5206300813
