evolution$generation,panic0,staminaH,inf,hunt0,staminaZ,fitness
432000,7.022339063894119,1.035122786228463,0.019775456274300666,9.467225913322807,1.3706950971660536,780662.6840075227
