evolution$generation,panic0,staminaH,inf,hunt0,staminaZ,fitness
277000,6.073501838408822,1.2108105103090752,0.01979110549624541,7.978972372898645,1.621490161023634,781529.8982037352
