evolution$generation,panic0,staminaH,inf,hunt0,staminaZ,fitness
132000,3.8209988958303978,2.0482160554414643,0.019884057262428832,7.224830922770645,1.8157974799444472,784018.2443130987
