evolution$generation,panic0,staminaH,inf,hunt0,staminaZ,fitness
453000,7.055994859347897,1.02915189271172,0.0197889597145729,9.74247111532687,1.3355484583263926,780561.7015957476
