evolution$generation,panic0,staminaH,inf,hunt0,staminaZ,fitness
46000,1.9853689562980936,4.438243378393705,0.020940781604797207,0.7185338268648972,18.047274674834245,853456.2022185997
