evolution$generation,panic0,staminaH,inf,hunt0,staminaZ,fitness
73000,2.278738330070027,3.2234975536312924,0.02036593472204256,7.159740181104556,1.9618072257611463,793443.7357377447
