evolution$generation,panic0,staminaH,inf,hunt0,staminaZ,fitness
268000,6.0360204802755595,1.219238444668099,0.01978991451052693,7.82702710837161,1.6565548739768954,781623.1660676373
