evolution$generation,panic0,staminaH,inf,hunt0,staminaZ,fitness
119000,3.456381031371118,2.2714285229539293,0.019901840868911353,7.23634982710787,1.8236216417505673,784881.1997001178
