evolution$generation,panic0,staminaH,inf,hunt0,staminaZ,fitness
387000,6.834569907310967,1.0634940618574569,0.019762095641339007,9.017632685687687,1.4339579096181418,780864.4950059282
