evolution$generation,panic0,staminaH,inf,hunt0,staminaZ,fitness
274000,6.062820720490279,1.2072940413005537,0.01979689219504088,7.883989049688177,1.64848427992686,781589.2208785363
