evolution$generation,panic0,staminaH,inf,hunt0,staminaZ,fitness
389000,6.8336961576597535,1.0634803110186684,0.01977094052091001,9.05810474898323,1.4319791413257472,780851.865238378
