evolution$generation,panic0,staminaH,inf,hunt0,staminaZ,fitness
221000,5.393552253099969,1.3804213236268656,0.019789999845484126,7.455523358283549,1.737865897048595,782096.0609745889
