evolution$generation,panic0,staminaH,inf,hunt0,staminaZ,fitness
33000,1.629082553366596,5.826110052476776,0.02248628339180153,0.6863132401941672,22.75217654264897,892866.8001197317
