evolution$generation,panic0,staminaH,inf,hunt0,staminaZ,fitness
173000,4.5332507590611835,1.6510727940985057,0.019816631717680135,7.29383085255892,1.78316240323225,782842.2385058191
