evolution$generation,panic0,staminaH,inf,hunt0,staminaZ,fitness
459000,7.102453931350891,1.0233669461449897,0.0197722447510473,9.75815333505523,1.3300177904397368,780545.1288016825
