evolution$generation,panic0,staminaH,inf,hunt0,staminaZ,fitness
58000,2.0275086410389878,4.406342886641676,0.020812861917789617,7.4785964314894455,2.028634881986073,799715.2573385605
