evolution$generation,panic0,staminaH,inf,hunt0,staminaZ,fitness
171000,4.515868971307028,1.678839126256183,0.019825009703298525,7.290211122063911,1.7796029948457674,782873.5918644313
