evolution$generation,panic0,staminaH,inf,hunt0,staminaZ,fitness
216000,5.321493772561476,1.397395831809266,0.01981063366387269,7.4465612311346545,1.7447456836551984,782142.6655818555
