evolution$generation,panic0,staminaH,inf,hunt0,staminaZ,fitness
287000,6.168817219528592,1.1924628987542032,0.019786907793638373,8.079572784726516,1.6081269943358643,781456.6607693704
