evolution$generation,panic0,staminaH,inf,hunt0,staminaZ,fitness
356000,6.6857235117929195,1.0909448390340966,0.019781209867887086,8.816118754441188,1.4714076644600593,780979.8698224302
