evolution$generation,panic0,staminaH,inf,hunt0,staminaZ,fitness
241000,5.776810430410474,1.2767702990678915,0.019792932803978706,7.5678864029109825,1.713187410493328,781859.7650996295
