evolution$generation,panic0,staminaH,inf,hunt0,staminaZ,fitness
299000,6.285570885582757,1.162726587575769,0.019766702710227662,8.22817814606444,1.5701367262186712,781334.9143879914
