evolution$generation,panic0,staminaH,inf,hunt0,staminaZ,fitness
342000,6.5981166248467655,1.1116705422852984,0.01978612038916352,8.675840042673485,1.4976252638117833,781067.0448804726
