evolution$generation,panic0,staminaH,inf,hunt0,staminaZ,fitness
169000,4.467473446980718,1.6947617221617184,0.019820079792445218,7.2902664104671,1.780653143894891,782917.3617800567
