evolution$generation,panic0,staminaH,inf,hunt0,staminaZ,fitness
477000,7.175869844606512,1.0108399435265556,0.019785170288496138,9.932350159322164,1.3107121921153146,780482.1792551784
