evolution$generation,panic0,staminaH,inf,hunt0,staminaZ,fitness
349000,6.612835702184236,1.1035569398801326,0.01977118042876164,8.75212373056356,1.4784364959617156,781017.6632811371
