evolution$generation,panic0,staminaH,inf,hunt0,staminaZ,fitness
293000,6.200715327733376,1.1831098148089458,0.01979123955980266,8.117395688079261,1.5943937813315643,781421.6922479197
