evolution$generation,panic0,staminaH,inf,hunt0,staminaZ,fitness
272000,6.060667467089961,1.2113747174009462,0.01978816277706406,7.866393224895281,1.648601136819823,781593.3238876658
