evolution$generation,panic0,staminaH,inf,hunt0,staminaZ,fitness
283000,6.12853501003354,1.2013327869186938,0.019795901389636723,8.060407557126496,1.6118166520195476,781474.527302285
