evolution$generation,panic0,staminaH,inf,hunt0,staminaZ,fitness
310000,6.407809743798221,1.145187777774877,0.019761527087574216,8.338934465161675,1.5491913123500956,781254.3028325015
