evolution$generation,panic0,staminaH,inf,hunt0,staminaZ,fitness
332000,6.465088148044812,1.126008200555894,0.019765152763821972,8.581240784329209,1.5076375263710302,781123.7897387675
