evolution$generation,panic0,staminaH,inf,hunt0,staminaZ,fitness
276000,6.067728588960924,1.2076735090183457,0.019797165612386647,7.91591876788782,1.6405539321903813,781566.6645036119
