evolution$generation,panic0,staminaH,inf,hunt0,staminaZ,fitness
434000,7.028409092419915,1.0350703963846457,0.019781039109213527,9.514010276421441,1.3667234577885186,780649.521525491
