evolution$generation,panic0,staminaH,inf,hunt0,staminaZ,fitness
486000,7.179234880236366,1.01038607557478,0.01978147826705461,9.983964791548152,1.302403038283782,780460.3899756736
