evolution$generation,panic0,staminaH,inf,hunt0,staminaZ,fitness
107000,3.1532887844094777,2.5488746799295656,0.019921457679160114,7.182813257263645,1.8383344250044393,785985.5653609041
