evolution$generation,panic0,staminaH,inf,hunt0,staminaZ,fitness
51000,2.0064986529458295,4.414076335566064,0.02089269389533774,0.7690993008601444,16.938844200057748,848349.2033119181
