evolution$generation,panic0,staminaH,inf,hunt0,staminaZ,fitness
27000,1.3105128226995388,7.124327342194649,0.023094083079252696,0.696431165540366,22.48483077031095,910064.7255174427
