evolution$generation,panic0,staminaH,inf,hunt0,staminaZ,fitness
123000,3.532184558444672,2.1620840762444646,0.019884139613214183,7.231510630367925,1.8179356591582767,784626.4676741026
