evolution$generation,panic0,staminaH,inf,hunt0,staminaZ,fitness
112000,3.226568895580605,2.407204721257605,0.01987706932692519,7.204177705553029,1.822130302136841,785572.3398182257
