evolution$generation,panic0,staminaH,inf,hunt0,staminaZ,fitness
263000,6.0249893266770655,1.2194529061800863,0.01978202802918544,7.778458348840801,1.6657635363881171,781652.6412675737
