evolution$generation,panic0,staminaH,inf,hunt0,staminaZ,fitness
174000,4.619542536674798,1.6584731839547218,0.019817874306120087,7.29455975507506,1.783154590345724,782795.3577309097
