evolution$generation,panic0,staminaH,inf,hunt0,staminaZ,fitness
113000,3.2681214057156414,2.4428982143728226,0.01988884757364276,7.209898231526034,1.8220944643467927,785507.1779038666
