evolution$generation,panic0,staminaH,inf,hunt0,staminaZ,fitness
404000,6.869820441930418,1.0558038646996144,0.019788609223557522,9.248955068724777,1.404558625465353,780771.614227555
