evolution$generation,panic0,staminaH,inf,hunt0,staminaZ,fitness
294000,6.201918539936382,1.1828677019753222,0.0197872786055872,8.134018194471194,1.5945254518267535,781409.8966948458
