evolution$generation,panic0,staminaH,inf,hunt0,staminaZ,fitness
499000,7.2523571989914535,0.9994775997558633,0.019767850185175552,10.130972180635055,1.2801345546314793,780397.9478212204
