evolution$generation,panic0,staminaH,inf,hunt0,staminaZ,fitness
164000,4.384843465629515,1.728553030766938,0.01981769085449346,7.2710477355828935,1.7910255798012544,783031.4741433845
