evolution$generation,panic0,staminaH,inf,hunt0,staminaZ,fitness
473000,7.1702927561767815,1.0102354712255588,0.019783750106294764,9.89031208014613,1.3145266822059847,780493.7193041446
