evolution$generation,panic0,staminaH,inf,hunt0,staminaZ,fitness
21000,1.2747470322806593,9.446209306352129,0.02375290019691804,0.6549287014113572,26.154882011623904,939498.6695397524
