evolution$generation,panic0,staminaH,inf,hunt0,staminaZ,fitness
9000,1.4848725687258362,90.79914611852647,0.037415770603999685,0.6814249008153922,69.30532733396048,1645667.2597685645
