evolution$generation,panic0,staminaH,inf,hunt0,staminaZ,fitness
28000,1.6187605291245348,7.28478706509246,0.023049322915631075,0.69704497666543,22.946714668425383,905194.4558675984
