evolution$generation,panic0,staminaH,inf,hunt0,staminaZ,fitness
279000,6.075439210437464,1.2109353345758067,0.019799115895256698,8.0244910362409,1.6189885646301263,781507.1649988778
