evolution$generation,panic0,staminaH,inf,hunt0,staminaZ,fitness
121000,3.5199959485710552,2.2472322532650733,0.019872947708488124,7.204619193269575,1.8186405164394126,784729.5077306642
