evolution$generation,panic0,staminaH,inf,hunt0,staminaZ,fitness
374000,6.7619788264511955,1.0777687784393855,0.01978507961792318,8.956019019431343,1.450855387916371,780910.1613443352
