evolution$generation,panic0,staminaH,inf,hunt0,staminaZ,fitness
380000,6.817380462011465,1.0667854690547118,0.0197732121429517,8.968643340037135,1.445490135105501,780890.8464529242
