evolution$generation,panic0,staminaH,inf,hunt0,staminaZ,fitness
77000,2.414670445844634,3.3668634137001905,0.02027883273362573,7.1549016800311405,1.9592306937673827,791317.4599550138
