evolution$generation,panic0,staminaH,inf,hunt0,staminaZ,fitness
298000,6.315831293861883,1.1576664575400637,0.01978235576677973,8.204371864335599,1.5813057907840897,781346.6403088891
