evolution$generation,panic0,staminaH,inf,hunt0,staminaZ,fitness
426000,7.005957352026218,1.0358425721373175,0.019787855501557882,9.43949348672961,1.3782599760159482,780681.1904511906
