evolution$generation,panic0,staminaH,inf,hunt0,staminaZ,fitness
495000,7.211338473172586,1.0059996308995376,0.01976647492920298,10.093781135204342,1.2842571060516943,780414.1808929781
