evolution$generation,panic0,staminaH,inf,hunt0,staminaZ,fitness
325000,6.453891699448043,1.1265342507668363,0.019764924991031933,8.46548279843339,1.5275510803572516,781181.4864043866
