evolution$generation,panic0,staminaH,inf,hunt0,staminaZ,fitness
376000,6.817642802079253,1.0668251853833477,0.019771445426838438,8.93558667566693,1.4494724896505342,780903.7827776971
