evolution$generation,panic0,staminaH,inf,hunt0,staminaZ,fitness
250000,5.910832253730204,1.2428063130074933,0.019787003995168542,7.652173946782794,1.6922497589553518,781759.9507111975
