evolution$generation,panic0,staminaH,inf,hunt0,staminaZ,fitness
91000,2.7891756561493564,2.991606631458399,0.020020461118079872,7.162024301218523,1.8762749384614776,788044.8664113875
