evolution$generation,panic0,staminaH,inf,hunt0,staminaZ,fitness
92000,2.7962501650624825,2.823356854805798,0.020005069715983863,7.1619069865819345,1.8687431513771973,787684.8237913633
