evolution$generation,panic0,staminaH,inf,hunt0,staminaZ,fitness
168000,4.44481986188074,1.696073108376001,0.019813703582147336,7.2889043627283865,1.7819680160957225,782938.1118719857
