evolution$generation,panic0,staminaH,inf,hunt0,staminaZ,fitness
199000,5.064866690428504,1.4629212742544884,0.019802291197876458,7.364093189111467,1.7626573047020568,782346.0894293532
