evolution$generation,panic0,staminaH,inf,hunt0,staminaZ,fitness
254000,5.979984753896794,1.2276112625546343,0.01978730684582867,7.670109102418024,1.6893945689648142,781728.7601507179
