evolution$generation,panic0,staminaH,inf,hunt0,staminaZ,fitness
145000,4.04384834576259,1.8979394804981478,0.01981618361811975,7.221694622414952,1.796683098608117,783540.8777848238
