evolution$generation,panic0,staminaH,inf,hunt0,staminaZ,fitness
180000,4.730058725870878,1.592536991483983,0.0197860626741855,7.289588839060911,1.7731489498769903,782650.4064680648
