evolution$generation,panic0,staminaH,inf,hunt0,staminaZ,fitness
479000,7.179955849875889,1.0105673536174216,0.019784124624619415,9.931033334435014,1.310398678474678,780481.185727984
