evolution$generation,panic0,staminaH,inf,hunt0,staminaZ,fitness
185000,4.810091224810124,1.5598982163010426,0.019803863726892926,7.340430507827319,1.767940091734186,782549.7662688568
