evolution$generation,panic0,staminaH,inf,hunt0,staminaZ,fitness
334000,6.47487526090577,1.1261050527125525,0.019766902599794144,8.587760167544795,1.506996676532416,781118.7055792573
