evolution$generation,panic0,staminaH,inf,hunt0,staminaZ,fitness
259000,6.010227611802387,1.2234222968444677,0.019790389955862256,7.742533635893427,1.670289915748965,781679.1737184052
