evolution$generation,panic0,staminaH,inf,hunt0,staminaZ,fitness
313000,6.41521309102227,1.1384551215934822,0.01976621106800958,8.35238702271964,1.5493867324743407,781245.5589127594
