evolution$generation,panic0,staminaH,inf,hunt0,staminaZ,fitness
418000,6.970340560199456,1.0445024049527425,0.019781075283740488,9.371724149295972,1.3859499246082814,780708.9699521281
