evolution$generation,panic0,staminaH,inf,hunt0,staminaZ,fitness
323000,6.450987236124431,1.1323611896960823,0.019757664894665395,8.440218620431656,1.5321949016616012,781196.0094108154
