evolution$generation,panic0,staminaH,inf,hunt0,staminaZ,fitness
314000,6.4189853034489,1.1384222350825721,0.019775740940267555,8.359673740512022,1.549392066885571,781241.4583215013
