evolution$generation,panic0,staminaH,inf,hunt0,staminaZ,fitness
341000,6.539695866922688,1.1170791922653722,0.019772112039474866,8.656469946276024,1.4933940303834945,781075.944614576
