evolution$generation,panic0,staminaH,inf,hunt0,staminaZ,fitness
367000,6.732361028375948,1.08389906139167,0.019779830356569175,8.893201819207903,1.4591407617925962,780939.3885847346
