evolution$generation,panic0,staminaH,inf,hunt0,staminaZ,fitness
496000,7.2260761459166964,1.0034235338405912,0.019768686585852128,10.111533538828288,1.2837949262622583,780408.3009115916
