evolution$generation,panic0,staminaH,inf,hunt0,staminaZ,fitness
90000,2.7878299702220573,3.0415036454764715,0.02000995556891958,7.165103307840434,1.8754990118221289,788214.13635293
