evolution$generation,panic0,staminaH,inf,hunt0,staminaZ,fitness
282000,6.114279185421234,1.2061169497906945,0.01979613287548825,8.060008056756066,1.6118823999653076,781480.1892837419
