evolution$generation,panic0,staminaH,inf,hunt0,staminaZ,fitness
223000,5.423793177333889,1.3575498063555025,0.019808890562775752,7.47051567517874,1.7379607803656691,782074.6612575094
