evolution$generation,panic0,staminaH,inf,hunt0,staminaZ,fitness
195000,4.987622506518769,1.503538259412825,0.019791792433873537,7.351090670105378,1.7625178401295627,782407.4320285388
