evolution$generation,panic0,staminaH,inf,hunt0,staminaZ,fitness
161000,4.338214243078691,1.7596269672671094,0.019815380899123384,7.2551916969049195,1.7910833269113704,783101.3160656742
