evolution$generation,panic0,staminaH,inf,hunt0,staminaZ,fitness
410000,6.888610277642554,1.0520421054129532,0.019772131588394245,9.304653056132974,1.3935501072334429,780741.7724166277
