evolution$generation,panic0,staminaH,inf,hunt0,staminaZ,fitness
474000,7.186574010023546,1.0083102203512053,0.019784676631834495,9.896848027567678,1.314858131853714,780492.0182138712
