evolution$generation,panic0,staminaH,inf,hunt0,staminaZ,fitness
176000,4.631703824411508,1.6228948447337292,0.019813566077130456,7.293971455121532,1.7831880016559343,782743.8877772675
