evolution$generation,panic0,staminaH,inf,hunt0,staminaZ,fitness
219000,5.3979486934112195,1.3859641201773658,0.01978100779296471,7.447025503316361,1.7384456185906867,782107.5075156104
