evolution$generation,panic0,staminaH,inf,hunt0,staminaZ,fitness
34000,1.646799222060993,5.80195158438376,0.02243888214904984,0.6846961554649966,22.05905361061046,888076.0903415638
