evolution$generation,panic0,staminaH,inf,hunt0,staminaZ,fitness
319000,6.451406915824222,1.1320797151648416,0.019768457832092506,8.390599285914032,1.5405298322170504,781217.406857974
