evolution$generation,panic0,staminaH,inf,hunt0,staminaZ,fitness
8000,57.66653778729298,97.67100048405341,0.03577518573465677,0.7796363607446936,47.544906328415955,1819888.8144198388
