evolution$generation,panic0,staminaH,inf,hunt0,staminaZ,fitness
86000,2.618237175732262,3.195646217531143,0.020108394208339025,7.1663959753636775,1.9044630194055594,789305.249553365
