evolution$generation,panic0,staminaH,inf,hunt0,staminaZ,fitness
6000,70.59449448900763,100.0,0.049913368930758574,4.871641255616799,56.17558442880254,2545841.527560492
