evolution$generation,panic0,staminaH,inf,hunt0,staminaZ,fitness
355000,6.686911145425485,1.092658362342875,0.01978068048507018,8.813691840705655,1.4715838060504052,780981.6262568744
