evolution$generation,panic0,staminaH,inf,hunt0,staminaZ,fitness
284000,6.13058087485044,1.1967056428007734,0.019797458416399197,8.060502563094666,1.611770432754641,781471.51297807
