evolution$generation,panic0,staminaH,inf,hunt0,staminaZ,fitness
75000,2.3271139742873217,3.382901153865599,0.02033150474564065,7.158130362413143,1.961618942216092,792263.1190241268
