evolution$generation,panic0,staminaH,inf,hunt0,staminaZ,fitness
388000,6.834513816748104,1.063496730243541,0.01974813502543852,9.025746233302021,1.4303739448591788,780860.8602669011
