evolution$generation,panic0,staminaH,inf,hunt0,staminaZ,fitness
457000,7.0913862710804105,1.0227795079139375,0.0197761819177685,9.74251831246703,1.3316995203538928,780551.378485372
