evolution$generation,panic0,staminaH,inf,hunt0,staminaZ,fitness
267000,6.035055618862806,1.2192410041877988,0.019802951431639917,7.823516688647321,1.6598577488264332,781629.8218325084
