evolution$generation,panic0,staminaH,inf,hunt0,staminaZ,fitness
422000,6.990126486997236,1.036499423620163,0.019760617176940106,9.394963605767645,1.3778056431062975,780690.5582044928
