evolution$generation,panic0,staminaH,inf,hunt0,staminaZ,fitness
328000,6.488115291003538,1.127715577528403,0.01978447400487759,8.49814335195718,1.525503850371638,781162.6930126364
