evolution$generation,panic0,staminaH,inf,hunt0,staminaZ,fitness
395000,6.837282553598076,1.0625250844548702,0.01976791742917304,9.184371851501941,1.4149543442940262,780810.0992722553
