evolution$generation,panic0,staminaH,inf,hunt0,staminaZ,fitness
317000,6.453648548560924,1.1324271495893794,0.019788687681266858,8.380167837143244,1.5493912271994201,781229.404567199
