evolution$generation,panic0,staminaH,inf,hunt0,staminaZ,fitness
397000,6.848051458044159,1.0625120841380695,0.019778144750857846,9.189876357549068,1.412370580624033,780795.7902935212
