evolution$generation,panic0,staminaH,inf,hunt0,staminaZ,fitness
463000,7.102571358272866,1.0201826856349496,0.019778291892217977,9.791263293148814,1.3244177312511036,780534.0012313611
