evolution$generation,panic0,staminaH,inf,hunt0,staminaZ,fitness
79000,2.526431199576103,3.3707082450687085,0.020294524400794944,7.158041802489958,1.9472837890792523,790726.0900895258
