evolution$generation,panic0,staminaH,inf,hunt0,staminaZ,fitness
55000,2.003324167321307,4.405465049381248,0.020799760520760553,0.8149042627305428,15.560744737244633,843021.1795636723
