evolution$generation,panic0,staminaH,inf,hunt0,staminaZ,fitness
347000,6.614240691556252,1.1012164078728814,0.019781614675719743,8.721428988894965,1.4873767123525088,781034.1218538906
