evolution$generation,panic0,staminaH,inf,hunt0,staminaZ,fitness
30000,1.6252837383203336,5.4118818254324985,0.022846884576454132,0.6971037752134776,22.819461751381116,896957.9722594388
