evolution$generation,panic0,staminaH,inf,hunt0,staminaZ,fitness
460000,7.101630609239643,1.0178479985116953,0.019772962292874032,9.758189091811746,1.3293164468238032,780544.0231241994
