evolution$generation,panic0,staminaH,inf,hunt0,staminaZ,fitness
3000,85.1985930103922,76.9522674969258,0.147961211220593,3.993557423902669,100.0,4242217.016551532
