evolution$generation,panic0,staminaH,inf,hunt0,staminaZ,fitness
71000,2.206234352593289,3.9647508901689323,0.020397037766151937,7.163947293296532,1.9622189562710397,794309.4658690749
