evolution$generation,panic0,staminaH,inf,hunt0,staminaZ,fitness
289000,6.174476558696367,1.188889518066323,0.019794375910906242,8.101406241587009,1.601953681236462,781436.0687238933
