evolution$generation,panic0,staminaH,inf,hunt0,staminaZ,fitness
74000,2.2885173347784296,3.385789893360099,0.02034100850609762,7.159766727037908,1.9576138167068866,792730.7830632405
