evolution$generation,panic0,staminaH,inf,hunt0,staminaZ,fitness
96000,2.9835667889096618,2.7538857631330944,0.019995599092978968,7.161698733939035,1.8731305318427478,786964.0509037927
