evolution$generation,panic0,staminaH,inf,hunt0,staminaZ,fitness
424000,6.9910335163128,1.0359367095167147,0.01978106836960156,9.430623067539806,1.3782439100607735,780683.9449519764
