evolution$generation,panic0,staminaH,inf,hunt0,staminaZ,fitness
433000,7.028812221594268,1.035058114943728,0.019788801899328332,9.49666411951746,1.3668911351850226,780656.6947733776
