evolution$generation,panic0,staminaH,inf,hunt0,staminaZ,fitness
129000,3.704182869608331,2.0690473177093427,0.019869325779208948,7.213541780693573,1.816365168510066,784205.8427043991
