evolution$generation,panic0,staminaH,inf,hunt0,staminaZ,fitness
447000,7.038721402383996,1.032463722752813,0.019759038047370336,9.680973224427166,1.3367776830535112,780576.6467716312
