evolution$generation,panic0,staminaH,inf,hunt0,staminaZ,fitness
154000,4.213324748463479,1.8122801135374627,0.01982056865941747,7.241906824424901,1.795979815939117,783271.6943518235
