evolution$generation,panic0,staminaH,inf,hunt0,staminaZ,fitness
15000,1.2339491457065481,18.32709629907711,0.025627756930159264,0.6739361086943656,37.106909948293584,1104532.8905610964
