evolution$generation,panic0,staminaH,inf,hunt0,staminaZ,fitness
183000,4.788041019952101,1.5575109536262064,0.019809749522209277,7.334227342204662,1.7725467765840188,782575.6317000862
