evolution$generation,panic0,staminaH,inf,hunt0,staminaZ,fitness
242000,5.806303961961902,1.2651332367887835,0.01979373881836951,7.568521025909957,1.7131955025302366,781848.631501771
