evolution$generation,panic0,staminaH,inf,hunt0,staminaZ,fitness
152000,4.17953174297099,1.8134598314645503,0.01982019518777146,7.242665815950043,1.7960528014923365,783310.7789742548
