evolution$generation,panic0,staminaH,inf,hunt0,staminaZ,fitness
255000,6.003452687091916,1.2277040025505064,0.019787603729089703,7.670307062546253,1.6894119503069276,781723.6903970782
