evolution$generation,panic0,staminaH,inf,hunt0,staminaZ,fitness
383000,6.8267128334253275,1.0668072106202084,0.019765814339554225,8.97747908432265,1.4422197304704252,780884.3829670385
