evolution$generation,panic0,staminaH,inf,hunt0,staminaZ,fitness
26000,1.3127918917507577,7.077267748166741,0.0232156146322258,0.6979366844674759,23.823727271195246,915990.9988428056
