evolution$generation,panic0,staminaH,inf,hunt0,staminaZ,fitness
364000,6.7306014953118245,1.083783799893357,0.019774459014132197,8.870018074416517,1.461426989986654,780947.619617346
