evolution$generation,panic0,staminaH,inf,hunt0,staminaZ,fitness
47000,1.995907862099711,4.438837098165289,0.020924673447758925,0.7170203730928786,17.926221283014403,852827.5973028031
