evolution$generation,panic0,staminaH,inf,hunt0,staminaZ,fitness
190000,4.897803036782708,1.5363795849248494,0.019809073806865855,7.342046104547872,1.7669093089040628,782484.1733228567
