evolution$generation,panic0,staminaH,inf,hunt0,staminaZ,fitness
22000,1.2720743977131181,9.449492423581061,0.023725664244834105,0.6576839743922182,24.737633849379485,936217.057426302
