evolution$generation,panic0,staminaH,inf,hunt0,staminaZ,fitness
252000,5.955182894479473,1.2415302848381222,0.01979245563693215,7.670220900116612,1.6898802902773167,781741.8706769247
