evolution$generation,panic0,staminaH,inf,hunt0,staminaZ,fitness
61000,2.028922310509805,4.084193530318596,0.02066019844168335,7.157107972385843,2.080317117177322,798092.4185460106
