evolution$generation,panic0,staminaH,inf,hunt0,staminaZ,fitness
344000,6.612261043294321,1.1047479108112879,0.019766125518410445,8.698869173944953,1.487356052179599,781041.859794904
