evolution$generation,panic0,staminaH,inf,hunt0,staminaZ,fitness
99000,3.0396100060136004,2.699325213349311,0.019950682830557696,7.160152476955122,1.8520578677944897,786610.7405582946
