evolution$generation,panic0,staminaH,inf,hunt0,staminaZ,fitness
369000,6.745733796145262,1.0822048549832348,0.019780416415749652,8.90123885779969,1.4581489842281725,780934.6977108399
