evolution$generation,panic0,staminaH,inf,hunt0,staminaZ,fitness
134000,3.841604260276209,2.0191593964099397,0.019853979530652648,7.223770906389196,1.8068575401767495,783926.9747543947
