evolution$generation,panic0,staminaH,inf,hunt0,staminaZ,fitness
5000,85.17516650867842,78.10528072878002,0.06598951404978028,1.4251622708920604,99.51159363235456,3054489.9415248176
