evolution$generation,panic0,staminaH,inf,hunt0,staminaZ,fitness
382000,6.827207829746855,1.066763399454392,0.01976513338000923,8.970607980415073,1.4422412982299415,780886.5875378663
