evolution$generation,panic0,staminaH,inf,hunt0,staminaZ,fitness
423000,6.990240803283859,1.035928911720316,0.019775352644202354,9.427389928715249,1.378245244377728,780685.3078318918
