evolution$generation,panic0,staminaH,inf,hunt0,staminaZ,fitness
182000,4.760937658267104,1.5659996479169918,0.019791169761917433,7.312560405447015,1.7725243723801434,782608.8012959773
