evolution$generation,panic0,staminaH,inf,hunt0,staminaZ,fitness
124000,3.582680776459547,2.2041587452719438,0.019854750042302444,7.213672324438047,1.8124257132644694,784554.1740867582
