evolution$generation,panic0,staminaH,inf,hunt0,staminaZ,fitness
464000,7.1046881424237,1.0201794251952985,0.019762933202302095,9.79550596245468,1.3240734991606666,780529.9218150789
