evolution$generation,panic0,staminaH,inf,hunt0,staminaZ,fitness
467000,7.114329469250488,1.0222861423348308,0.019774622837129448,9.84153700205142,1.3192373257757533,780515.083083736
