evolution$generation,panic0,staminaH,inf,hunt0,staminaZ,fitness
291000,6.1962799486187405,1.1881041695522327,0.019788765715896862,8.10369884008599,1.601238410229381,781431.3051702783
