evolution$generation,panic0,staminaH,inf,hunt0,staminaZ,fitness
476000,7.1744253646015625,1.011281890295556,0.01977411591919023,9.910916792907734,1.3107234815794213,780484.1826754357
