evolution$generation,panic0,staminaH,inf,hunt0,staminaZ,fitness
203000,5.1444283098291965,1.4422544745847954,0.01979110221581928,7.388254204041243,1.751385188073755,782273.2052055146
