evolution$generation,panic0,staminaH,inf,hunt0,staminaZ,fitness
229000,5.568680214771105,1.3390240429446385,0.01979857165476505,7.498960885562838,1.7291177496612784,781994.630033691
