evolution$generation,panic0,staminaH,inf,hunt0,staminaZ,fitness
365000,6.731159705308368,1.0836524459540489,0.01977961893710545,8.877603473151668,1.4614120930316117,780945.7614586917
