evolution$generation,panic0,staminaH,inf,hunt0,staminaZ,fitness
239000,5.698091225179361,1.2909769739320576,0.01979182898554144,7.567720282749796,1.713160083025388,781889.1251172582
