evolution$generation,panic0,staminaH,inf,hunt0,staminaZ,fitness
49000,2.016077386516854,4.4418397485927255,0.020912194022598304,0.7300990678707929,17.473788807332756,850878.4145169586
