evolution$generation,panic0,staminaH,inf,hunt0,staminaZ,fitness
265000,6.027973877440275,1.2192149530267957,0.019816748882540446,7.823056458982197,1.6656868788119523,781643.3948535469
