evolution$generation,panic0,staminaH,inf,hunt0,staminaZ,fitness
68000,2.1796565465497295,4.081288923817169,0.020488023850798776,7.157553672147977,2.0121644704743367,795367.6659761949
