evolution$generation,panic0,staminaH,inf,hunt0,staminaZ,fitness
111000,3.219118112824906,2.468665997450704,0.01988738493217903,7.204853422518048,1.8223159844929309,785652.6683775086
