evolution$generation,panic0,staminaH,inf,hunt0,staminaZ,fitness
233000,5.623018945147623,1.3264710058434346,0.01978765720144677,7.508140390498243,1.723432870585229,781964.7558463919
