evolution$generation,panic0,staminaH,inf,hunt0,staminaZ,fitness
407000,6.870923885270168,1.055689702683002,0.01976094174422552,9.273124984948902,1.3949670410013661,780754.0828327511
