evolution$generation,panic0,staminaH,inf,hunt0,staminaZ,fitness
488000,7.1972458220383615,1.009174019438387,0.01976905544228839,9.990537397833773,1.298640653778736,780452.3950684716
