evolution$generation,panic0,staminaH,inf,hunt0,staminaZ,fitness
278000,6.074415395941862,1.2110493978055563,0.01978450854714352,8.009273094241829,1.6195570261672663,781512.4587752412
