evolution$generation,panic0,staminaH,inf,hunt0,staminaZ,fitness
333000,6.47713003303358,1.1260935237812968,0.01976331554206262,8.57954972537571,1.5070065754278172,781121.1679260277
