evolution$generation,panic0,staminaH,inf,hunt0,staminaZ,fitness
406000,6.871028451383874,1.0556897467362392,0.019778904605591528,9.271723850685927,1.4022037853344236,780764.4791015849
