evolution$generation,panic0,staminaH,inf,hunt0,staminaZ,fitness
70000,2.2018454124861657,4.057142730528689,0.02043667563720006,7.1625418915744685,1.9730764355008208,794846.6874284626
