evolution$generation,panic0,staminaH,inf,hunt0,staminaZ,fitness
53000,1.9950261757751053,4.398348224098212,0.020824731947686415,0.7955931212498147,16.036330431495276,844788.6539470453
