evolution$generation,panic0,staminaH,inf,hunt0,staminaZ,fitness
485000,7.179227674833623,1.01038406936175,0.01977523898086432,9.979875580191676,1.3024190926877326,780460.9629099423
