evolution$generation,panic0,staminaH,inf,hunt0,staminaZ,fitness
312000,6.414810091731793,1.1384565250221474,0.019763475800218783,8.341467721621312,1.5491362984794337,781248.8603555043
