evolution$generation,panic0,staminaH,inf,hunt0,staminaZ,fitness
80000,2.613402751134148,3.3697498343098307,0.020264048198054403,7.157199866036988,1.9461173413187143,790459.8227445455
