evolution$generation,panic0,staminaH,inf,hunt0,staminaZ,fitness
285000,6.133488065349647,1.1975931044691053,0.01978870463377243,8.06040267376856,1.6080861465709666,781466.1616477447
