evolution$generation,panic0,staminaH,inf,hunt0,staminaZ,fitness
210000,5.22760204700954,1.432511332605238,0.019806477987317564,7.42764599480725,1.7490655253352896,782213.2215347774
