evolution$generation,panic0,staminaH,inf,hunt0,staminaZ,fitness
487000,7.194646608738325,1.010395154564396,0.019781493238491057,9.990601986972612,1.3002215365855134,780456.899578852
