evolution$generation,panic0,staminaH,inf,hunt0,staminaZ,fitness
19000,1.234477975829909,9.44910840678711,0.02376732124220619,0.6654131228495952,26.305798729855656,941827.3770914817
