evolution$generation,panic0,staminaH,inf,hunt0,staminaZ,fitness
128000,3.778861193587276,2.1366198183449865,0.01986172361809685,7.212596294677915,1.8124740500892478,784300.9223142297
