evolution$generation,panic0,staminaH,inf,hunt0,staminaZ,fitness
428000,7.028645310296892,1.035860291292745,0.01976894440357733,9.437245023039429,1.373729329634325,780672.9863890649
