evolution$generation,panic0,staminaH,inf,hunt0,staminaZ,fitness
43000,1.984077474806228,4.437238981810862,0.021254848670970262,0.7154316088473271,18.320042441228914,856204.6211166235
