evolution$generation,panic0,staminaH,inf,hunt0,staminaZ,fitness
373000,6.746673842401233,1.0793439160761142,0.019772424936825083,8.937226243736895,1.450510987490831,780915.1805232272
