evolution$generation,panic0,staminaH,inf,hunt0,staminaZ,fitness
262000,6.027902436952857,1.2188954998939678,0.019804448183363764,7.781396430366705,1.6704266556121026,781657.7393186264
