evolution$generation,panic0,staminaH,inf,hunt0,staminaZ,fitness
381000,6.817459137945628,1.0667670230143236,0.019773369659557977,8.971058914151659,1.445506239550905,780890.4043728719
