evolution$generation,panic0,staminaH,inf,hunt0,staminaZ,fitness
63000,2.0289436453506267,4.084146691192308,0.0205926121741537,7.157050211971091,2.080336166047781,797947.6385399548
