evolution$generation,panic0,staminaH,inf,hunt0,staminaZ,fitness
150000,4.1564434162551676,1.8387105649957598,0.019820763663566988,7.236058766812546,1.7957236478707954,783354.7856642912
