evolution$generation,panic0,staminaH,inf,hunt0,staminaZ,fitness
88000,2.8016819497112615,3.1155829084089497,0.020042984725229463,7.158661571821252,1.896047816544407,788693.5108586204
