evolution$generation,panic0,staminaH,inf,hunt0,staminaZ,fitness
492000,7.211506599167233,1.0064008658152905,0.01977723844368352,10.015453863018655,1.2975866052818392,780445.2882705596
