evolution$generation,panic0,staminaH,inf,hunt0,staminaZ,fitness
281000,6.095664055095417,1.205769449498348,0.019776221647603162,8.02910086409118,1.612659132648608,781491.6788348935
