evolution$generation,panic0,staminaH,inf,hunt0,staminaZ,fitness
249000,5.9126979093122864,1.2434136616717768,0.019784665010734892,7.642279276930522,1.6919326803091477,781764.446633371
