evolution$generation,panic0,staminaH,inf,hunt0,staminaZ,fitness
231000,5.568793457167077,1.327856785689589,0.019790439743007884,7.502347025746503,1.7267154066632207,781981.0058040258
