evolution$generation,panic0,staminaH,inf,hunt0,staminaZ,fitness
37000,1.9802236676644547,4.43336467380455,0.022416845873000177,0.7004391179702637,21.617497502457944,880066.4393099325
