evolution$generation,panic0,staminaH,inf,hunt0,staminaZ,fitness
270000,6.072200755125215,1.2085963581587567,0.01977772226639218,7.8339013707183645,1.6529021696653208,781605.9561750821
