evolution$generation,panic0,staminaH,inf,hunt0,staminaZ,fitness
64000,2.0289630454439567,4.083540441905295,0.02059073478187774,7.157246749169606,2.0219588215603115,797317.3750625314
