evolution$generation,panic0,staminaH,inf,hunt0,staminaZ,fitness
243000,5.829836397110424,1.2658910898793843,0.019789881239595797,7.5686233323466645,1.7115710252469576,781839.4714374866
