evolution$generation,panic0,staminaH,inf,hunt0,staminaZ,fitness
226000,5.508129086303949,1.3429176228596236,0.019810174817590856,7.479990134751426,1.7357137041379769,782027.7101653228
