evolution$generation,panic0,staminaH,inf,hunt0,staminaZ,fitness
403000,6.8683013990213855,1.0556791399288687,0.019788890338331203,9.239610954278564,1.4073998217819204,780777.3080255599
