evolution$generation,panic0,staminaH,inf,hunt0,staminaZ,fitness
385000,6.8345502207698985,1.0636473291276725,0.019768997494424005,8.996532751173977,1.438109793409138,780874.7532878758
