evolution$generation,panic0,staminaH,inf,hunt0,staminaZ,fitness
405000,6.8676111060870335,1.0556793175535586,0.019772480089438493,9.248932088534067,1.4030481597933757,780768.8638404175
