evolution$generation,panic0,staminaH,inf,hunt0,staminaZ,fitness
264000,6.025806725263257,1.2188527910881946,0.01979060527057248,7.792322124829925,1.6657672044222045,781648.6464160286
