evolution$generation,panic0,staminaH,inf,hunt0,staminaZ,fitness
133000,3.8232186795305982,2.0199686608256666,0.01987506562412282,7.222205207694388,1.8072857921033387,783974.8181286448
