evolution$generation,panic0,staminaH,inf,hunt0,staminaZ,fitness
93000,2.9277927676529947,2.841748690738396,0.020005487662323025,7.161712304880427,1.8686715335515196,787296.056523483
