evolution$generation,panic0,staminaH,inf,hunt0,staminaZ,fitness
159000,4.29350680788993,1.7715610854077068,0.019820864465897377,7.26149063658073,1.7940130619923105,783153.8722041538
