evolution$generation,panic0,staminaH,inf,hunt0,staminaZ,fitness
117000,3.343214102997637,2.3441729702976377,0.01988570030933961,7.236414002292321,1.8228755922592272,785211.8477961258
