evolution$generation,panic0,staminaH,inf,hunt0,staminaZ,fitness
234000,5.622930065466785,1.315237613339846,0.019789281475233025,7.515459867668654,1.7234633273745823,781950.0950185917
