evolution$generation,panic0,staminaH,inf,hunt0,staminaZ,fitness
232000,5.5910224048358526,1.328222761945369,0.019791609307637646,7.50506879564911,1.7256811880449776,781973.085732782
