evolution$generation,panic0,staminaH,inf,hunt0,staminaZ,fitness
87000,2.7250615557311595,3.1471571979051025,0.020082887536809157,7.159334060583203,1.9019771460976749,788883.5009359294
