evolution$generation,panic0,staminaH,inf,hunt0,staminaZ,fitness
78000,2.4999201948850467,3.373373168386711,0.020299214310512858,7.156033433681685,1.962601013453627,790926.3670474121
