evolution$generation,panic0,staminaH,inf,hunt0,staminaZ,fitness
11000,1.3787555173896238,94.95313803458849,0.030854745567787834,0.6748428344729862,45.28085450507094,1268484.6943366902
