evolution$generation,panic0,staminaH,inf,hunt0,staminaZ,fitness
431000,7.009025922607334,1.0351765215354298,0.01977338556512647,9.465302279318486,1.3707254110528364,780663.9746615824
