evolution$generation,panic0,staminaH,inf,hunt0,staminaZ,fitness
427000,7.0106715680612455,1.0358661333084076,0.019773035722643224,9.435147815141024,1.374135889145564,780674.794874982
