evolution$generation,panic0,staminaH,inf,hunt0,staminaZ,fitness
500000,7.252817849839234,0.9997521143861248,0.019775544059202413,10.15300160089253,1.2800958037295393,780394.3927376057
