evolution$generation,panic0,staminaH,inf,hunt0,staminaZ,fitness
478000,7.180357747927345,1.0105361557763008,0.019785034178562966,9.931694246290201,1.3107161916227468,780481.9122864527
