evolution$generation,panic0,staminaH,inf,hunt0,staminaZ,fitness
353000,6.674486310720848,1.0938316091547289,0.019794591823184552,8.813494630401355,1.4770832789868866,780993.5854163498
