evolution$generation,panic0,staminaH,inf,hunt0,staminaZ,fitness
483000,7.179755006437566,1.0104883721010982,0.019780215401346734,9.962826822048712,1.3037270699506711,780466.0695320955
