evolution$generation,panic0,staminaH,inf,hunt0,staminaZ,fitness
204000,5.176075856000875,1.4434098628476855,0.019785913284922702,7.3875684352138915,1.749270058072959,782257.2733377438
