evolution$generation,panic0,staminaH,inf,hunt0,staminaZ,fitness
137000,3.8729716740240736,1.9573124249535847,0.019861561448118233,7.239222802585367,1.8046248864902243,783837.1296711785
