evolution$generation,panic0,staminaH,inf,hunt0,staminaZ,fitness
379000,6.817520989737096,1.066790316940919,0.01976889248634682,8.957850089997685,1.445443220613697,780893.7099454112
