evolution$generation,panic0,staminaH,inf,hunt0,staminaZ,fitness
237000,5.661846431052653,1.297895408814182,0.0197896367376602,7.564788635606277,1.7131902768655023,781905.1555168859
