evolution$generation,panic0,staminaH,inf,hunt0,staminaZ,fitness
136000,3.873986842344114,2.0100891224690636,0.019843515383046784,7.2104073881577415,1.8069567278836727,783884.6571523277
