evolution$generation,panic0,staminaH,inf,hunt0,staminaZ,fitness
390000,6.83502305249742,1.0635125194696622,0.019777039075407756,9.074514288375447,1.429382008834907,780844.1041257482
