evolution$generation,panic0,staminaH,inf,hunt0,staminaZ,fitness
116000,3.341499647134879,2.3885233719729126,0.019897854567343654,7.233330506197613,1.820260802929668,785269.2884830218
