evolution$generation,panic0,staminaH,inf,hunt0,staminaZ,fitness
413000,6.9251608522440655,1.05183234919742,0.01976063081974816,9.326588594238833,1.3874389219807464,780726.8041006138
