evolution$generation,panic0,staminaH,inf,hunt0,staminaZ,fitness
309000,6.4044753773823455,1.1441826006538824,0.019763012688181054,8.334071144779251,1.5509721684785418,781256.6399071225
