evolution$generation,panic0,staminaH,inf,hunt0,staminaZ,fitness
465000,7.105757163598309,1.0201971548733533,0.01977104777804905,9.816122697701912,1.3186342669620212,780524.7229709767
