evolution$generation,panic0,staminaH,inf,hunt0,staminaZ,fitness
391000,6.834851024530031,1.0635203357042586,0.01976477838195875,9.074393447182477,1.4260991680204391,780840.9698466512
