evolution$generation,panic0,staminaH,inf,hunt0,staminaZ,fitness
103000,3.0755765218061435,2.617789010696432,0.01993917373379294,7.168872313807641,1.8403600286116788,786318.4711179798
