evolution$generation,panic0,staminaH,inf,hunt0,staminaZ,fitness
189000,4.882696699081,1.5436621618885458,0.019809045582012647,7.341360161225513,1.7688853252575791,782499.804136707
