evolution$generation,panic0,staminaH,inf,hunt0,staminaZ,fitness
166000,4.399080271870591,1.7165464824586332,0.019827376141429643,7.283941913260486,1.7845246764451557,782998.5880176187
