evolution$generation,panic0,staminaH,inf,hunt0,staminaZ,fitness
396000,6.837303672646308,1.0625108439540123,0.019778203691138026,9.181690185349614,1.4125490552642956,780799.3287719368
