evolution$generation,panic0,staminaH,inf,hunt0,staminaZ,fitness
2000,81.60094976470148,82.46914016467875,0.19930322519889,19.289841826976986,99.96457256739482,4540986.136566545
