evolution$generation,panic0,staminaH,inf,hunt0,staminaZ,fitness
222000,5.4111263085532455,1.3718446693998694,0.01979025326514627,7.455977836742683,1.7378720044683629,782084.6611302764
