evolution$generation,panic0,staminaH,inf,hunt0,staminaZ,fitness
126000,3.663585182948507,2.1561970246440847,0.01985568411537865,7.212386688263683,1.812369932987928,784371.9120031442
