evolution$generation,panic0,staminaH,inf,hunt0,staminaZ,fitness
236000,5.65730215149324,1.3132764451385153,0.019800146249596286,7.565166923393972,1.7131662323378654,781913.3313856395
