evolution$generation,panic0,staminaH,inf,hunt0,staminaZ,fitness
256000,5.998024509805475,1.227355579790387,0.019788205964938833,7.691071845542894,1.6840848840036289,781711.1855017892
