evolution$generation,panic0,staminaH,inf,hunt0,staminaZ,fitness
98000,3.0056177418573,2.7073298536198505,0.020003266464924493,7.189523138584099,1.8570832065869296,786747.2685020377
