evolution$generation,panic0,staminaH,inf,hunt0,staminaZ,fitness
436000,7.025809650801623,1.0342979558650232,0.01977827797282983,9.532974318812172,1.3624826541137565,780638.7478536391
