evolution$generation,panic0,staminaH,inf,hunt0,staminaZ,fitness
213000,5.235655570212466,1.420830155563456,0.019806430850107113,7.448773381505901,1.742444587120678,782185.6496577119
