evolution$generation,panic0,staminaH,inf,hunt0,staminaZ,fitness
69000,2.179755856038892,4.081314308543574,0.020461032078097977,7.1660750494523375,1.991213979028306,795148.2667635619
