evolution$generation,panic0,staminaH,inf,hunt0,staminaZ,fitness
217000,5.345451835788968,1.388190221640126,0.019817350077846355,7.4465035033936475,1.7450866499151274,782131.2793607132
