evolution$generation,panic0,staminaH,inf,hunt0,staminaZ,fitness
196000,5.008320871025529,1.4969512659482598,0.019802179932189138,7.353736708381653,1.762636579157778,782391.5565816709
