evolution$generation,panic0,staminaH,inf,hunt0,staminaZ,fitness
295000,6.230220902525884,1.179645476341116,0.019787499874822766,8.163282232583406,1.5896201207064944,781390.2775550573
