evolution$generation,panic0,staminaH,inf,hunt0,staminaZ,fitness
324000,6.450721030405158,1.1324176314810874,0.019763060877515243,8.451032832252457,1.5321280387485905,781192.7418479457
