evolution$generation,panic0,staminaH,inf,hunt0,staminaZ,fitness
392000,6.834851777930025,1.063509653012076,0.019764205975828866,9.09889984491733,1.425322986253117,780836.5985406698
