evolution$generation,panic0,staminaH,inf,hunt0,staminaZ,fitness
188000,4.8433875700750315,1.5512211946109566,0.01981006197126855,7.341274709600857,1.768845361527203,782525.0322399104
