evolution$generation,panic0,staminaH,inf,hunt0,staminaZ,fitness
131000,3.7835532067520146,2.053976485809657,0.01988663781415961,7.226042947862216,1.8165016548304331,784066.2371348868
