evolution$generation,panic0,staminaH,inf,hunt0,staminaZ,fitness
14000,1.234665792127641,8.824389257394376,0.028873633386072857,0.6746121643081624,42.24928797660885,1161171.6300790133
