evolution$generation,panic0,staminaH,inf,hunt0,staminaZ,fitness
377000,6.8186520624343,1.066784409017326,0.01976498362461125,8.935547144686987,1.448210316630643,780902.5610432578
