evolution$generation,panic0,staminaH,inf,hunt0,staminaZ,fitness
10000,1.1388001073033447,95.9451939630616,0.03104823873187567,0.6548944491690278,58.3057369093115,1426244.3290504036
