evolution$generation,panic0,staminaH,inf,hunt0,staminaZ,fitness
153000,4.196367507545058,1.8119209673298848,0.01982017332035465,7.241992865668462,1.7960330255504868,783289.2914444273
