evolution$generation,panic0,staminaH,inf,hunt0,staminaZ,fitness
280000,6.0858523792686965,1.2061507221187784,0.019775013194407887,8.02112840402728,1.6125828326789629,781496.4294111147
