evolution$generation,panic0,staminaH,inf,hunt0,staminaZ,fitness
445000,7.038553967886593,1.0324699359290181,0.019777543335651675,9.680699841207172,1.341303905971074,780581.3290586032
