evolution$generation,panic0,staminaH,inf,hunt0,staminaZ,fitness
484000,7.179300033760281,1.0103906132619984,0.019774964488849515,9.963624628678721,1.3033905254980043,780464.5009303839
