evolution$generation,panic0,staminaH,inf,hunt0,staminaZ,fitness
292000,6.200331574119476,1.1832682860120578,0.019789238045549436,8.103472198002162,1.6012570022067236,781427.5488505497
