evolution$generation,panic0,staminaH,inf,hunt0,staminaZ,fitness
110000,3.209013029085224,2.4990599206324444,0.019900876940448713,7.203596797187441,1.8235296260842901,785740.2942898457
