evolution$generation,panic0,staminaH,inf,hunt0,staminaZ,fitness
83000,2.5833452709962073,3.35542502163063,0.02017338635389223,7.163442893911512,1.908352433461272,790044.9623311508
