evolution$generation,panic0,staminaH,inf,hunt0,staminaZ,fitness
482000,7.179740895323297,1.0104786842880382,0.019777589326545216,9.96441553056143,1.3049156566105413,780467.2537196955
