evolution$generation,panic0,staminaH,inf,hunt0,staminaZ,fitness
102000,3.0744272950117137,2.6369343641672147,0.019957330531500946,7.173664091370647,1.8511405189898085,786385.6588591315
