evolution$generation,panic0,staminaH,inf,hunt0,staminaZ,fitness
269000,6.0617010161711296,1.2137340281870443,0.0197897585235364,7.827855320490721,1.6530620410636139,781614.8879550425
