evolution$generation,panic0,staminaH,inf,hunt0,staminaZ,fitness
48000,2.0169451916634804,4.4379102842935865,0.020917644744949334,0.7175920127226951,17.57248083306262,851733.308001234
