evolution$generation,panic0,staminaH,inf,hunt0,staminaZ,fitness
438000,7.02527989209907,1.035084776714814,0.019769428716528946,9.553623224568192,1.3572088531394682,780628.045603878
