evolution$generation,panic0,staminaH,inf,hunt0,staminaZ,fitness
45000,1.985243904621919,4.432574056609841,0.02105545566033696,0.730741114745828,18.083058380526477,853878.1593009188
