evolution$generation,panic0,staminaH,inf,hunt0,staminaZ,fitness
469000,7.11514073680424,1.0171092880101493,0.019761460363218478,9.856910729268868,1.3147875972502874,780505.1111147611
