evolution$generation,panic0,staminaH,inf,hunt0,staminaZ,fitness
146000,4.061198425628566,1.8897938123583722,0.019828109282978713,7.219755456809287,1.8031020618698281,783518.5686390044
