evolution$generation,panic0,staminaH,inf,hunt0,staminaZ,fitness
494000,7.210123795929832,1.0069942454942347,0.019767508201906543,10.084766263285463,1.2885340444221012,780423.5073129637
