evolution$generation,panic0,staminaH,inf,hunt0,staminaZ,fitness
215000,5.321161362980977,1.3982577869264325,0.0198097511262536,7.446727180841763,1.746359539439728,782146.3066603148
