evolution$generation,panic0,staminaH,inf,hunt0,staminaZ,fitness
480000,7.179763868938591,1.0105868831666258,0.019769448182522614,9.94696381012578,1.306015206573608,780472.0184409639
