evolution$generation,panic0,staminaH,inf,hunt0,staminaZ,fitness
490000,7.202420593726592,1.0059326665866712,0.019764364267475173,9.990310208335105,1.2975587415166487,780449.5615954935
