evolution$generation,panic0,staminaH,inf,hunt0,staminaZ,fitness
326000,6.4571598263145304,1.127805456043019,0.01977115749407237,8.47651114009114,1.5254439695203035,781175.1792484196
