evolution$generation,panic0,staminaH,inf,hunt0,staminaZ,fitness
31000,1.6334784432054632,6.159845866947873,0.022550942834578855,0.6981885678440216,22.842431599248787,895726.0965912484
