evolution$generation,panic0,staminaH,inf,hunt0,staminaZ,fitness
327000,6.457171597952108,1.1276266477142198,0.01978339918668604,8.496752395301833,1.5255087775494909,781168.4042394687
