evolution$generation,panic0,staminaH,inf,hunt0,staminaZ,fitness
245000,5.853648458001793,1.264717198080754,0.019802361910028213,7.606218699898972,1.7097664403282562,781824.0304299912
