evolution$generation,panic0,staminaH,inf,hunt0,staminaZ,fitness
271000,6.059760309374429,1.2137822720665945,0.019786213770046288,7.855538691246385,1.6491949919176179,781598.3604662393
