evolution$generation,panic0,staminaH,inf,hunt0,staminaZ,fitness
108000,3.191206190444345,2.554138291484313,0.019919545244912924,7.1688798891899195,1.838253297337868,785948.8423636188
