evolution$generation,panic0,staminaH,inf,hunt0,staminaZ,fitness
192000,4.938320979181898,1.5160753798738504,0.019795060657047326,7.345433321650223,1.7600030897628447,782444.8583087316
