evolution$generation,panic0,staminaH,inf,hunt0,staminaZ,fitness
184000,4.800492465516407,1.5599401439910339,0.01980420814622198,7.332783756905662,1.7677848527683109,782560.014374865
