evolution$generation,panic0,staminaH,inf,hunt0,staminaZ,fitness
335000,6.492718591229616,1.1260861680829812,0.01976813963826575,8.587698241548722,1.5069939937445704,781115.737626527
