evolution$generation,panic0,staminaH,inf,hunt0,staminaZ,fitness
266000,6.0352555233085665,1.2192469643162376,0.019815094546853734,7.822978192080851,1.6625225405733295,781636.4614720854
