evolution$generation,panic0,staminaH,inf,hunt0,staminaZ,fitness
200000,5.0898113295490415,1.4630078014302144,0.019804005916284877,7.372926694018926,1.7626603303368114,782327.2314902982
