evolution$generation,panic0,staminaH,inf,hunt0,staminaZ,fitness
38000,1.9787563634299732,4.449011881601872,0.021929457725804808,0.7004405123760538,21.63310880607677,878228.515111184
