evolution$generation,panic0,staminaH,inf,hunt0,staminaZ,fitness
394000,6.855927945166794,1.0605873849287664,0.01978163808839149,9.112529288283113,1.4245594093106926,780827.0233006785
