evolution$generation,panic0,staminaH,inf,hunt0,staminaZ,fitness
65000,2.028815150476243,4.083800405386243,0.020529491345867876,7.15725709511277,2.0220840815563768,796899.368018215
