evolution$generation,panic0,staminaH,inf,hunt0,staminaZ,fitness
322000,6.451035560925098,1.132392002761559,0.019768624255172423,8.430044003363403,1.53663993449743,781202.0548698651
