evolution$generation,panic0,staminaH,inf,hunt0,staminaZ,fitness
251000,5.953170486784997,1.2401105780010795,0.01977704182571108,7.646602416706691,1.6899023311472874,781750.3365472179
