evolution$generation,panic0,staminaH,inf,hunt0,staminaZ,fitness
286000,6.149585774251523,1.1968483240617902,0.019789230730383283,8.075485403825681,1.6082566027614174,781460.8226065716
