evolution$generation,panic0,staminaH,inf,hunt0,staminaZ,fitness
498000,7.23969010016115,1.0002519576994082,0.01977494241382981,10.122299642769185,1.2837971595634652,780405.1496140375
