evolution$generation,panic0,staminaH,inf,hunt0,staminaZ,fitness
52000,2.0186976500783578,4.416215280455296,0.020838901295014246,0.769106384501723,16.28189728275816,846566.5372755204
