evolution$generation,panic0,staminaH,inf,hunt0,staminaZ,fitness
275000,6.06696605793099,1.2075770210340138,0.019795787479891302,7.891725321294205,1.642451145896959,781577.7861235534
