evolution$generation,panic0,staminaH,inf,hunt0,staminaZ,fitness
44000,1.9850586671213173,4.43855674427399,0.021042094270355235,0.7142260543939899,18.222879130761516,854451.8590432995
