evolution$generation,panic0,staminaH,inf,hunt0,staminaZ,fitness
321000,6.451970980974401,1.1322754317719212,0.019760067056715236,8.408010497986456,1.536504421681027,781208.4434121503
