evolution$generation,panic0,staminaH,inf,hunt0,staminaZ,fitness
142000,4.0064294572716115,1.944295131690054,0.019825238041188305,7.221699393022344,1.800487654736076,783649.1429829565
