evolution$generation,panic0,staminaH,inf,hunt0,staminaZ,fitness
84000,2.5842545070269347,3.3567269133321185,0.02011648333034712,7.1627451901542365,1.9061878736764941,789927.621442272
