evolution$generation,panic0,staminaH,inf,hunt0,staminaZ,fitness
247000,5.852643961801375,1.263543867072416,0.01979594609553064,7.6319484630410965,1.6957690144432203,781798.3225489791
