evolution$generation,panic0,staminaH,inf,hunt0,staminaZ,fitness
368000,6.737721462392495,1.0809807119640833,0.01978132603104872,8.898634081586131,1.4589834842990188,780936.450249542
