evolution$generation,panic0,staminaH,inf,hunt0,staminaZ,fitness
20000,1.2367221913337219,9.446740585870177,0.023748400047670433,0.6639593703602413,26.152889363652992,940516.7845625607
