evolution$generation,panic0,staminaH,inf,hunt0,staminaZ,fitness
416000,6.956728884987681,1.044492222571054,0.019769895261714184,9.347810425316357,1.3876855094985394,780716.6044388732
