evolution$generation,panic0,staminaH,inf,hunt0,staminaZ,fitness
437000,7.025764489095805,1.035075893291754,0.01977109426772098,9.545965023825751,1.3573234951707707,780630.9119644342
