evolution$generation,panic0,staminaH,inf,hunt0,staminaZ,fitness
144000,4.010460520039914,1.9092768091751509,0.019840776050180014,7.245072017488667,1.8014016631975382,783584.9673289217
