evolution$generation,panic0,staminaH,inf,hunt0,staminaZ,fitness
320000,6.452552861862519,1.1320485850443258,0.01978187083392764,8.407613272082427,1.5409899153037374,781211.7349497247
