evolution$generation,panic0,staminaH,inf,hunt0,staminaZ,fitness
95000,2.986678943407633,2.782840601332912,0.02002064079720868,7.162011461566068,1.87398468294739,787062.196834161
