evolution$generation,panic0,staminaH,inf,hunt0,staminaZ,fitness
85000,2.5773025107859957,3.1983198412920277,0.02012490492372305,7.164247607980438,1.904848550975207,789486.9530837693
