evolution$generation,panic0,staminaH,inf,hunt0,staminaZ,fitness
470000,7.128809969787321,1.0196807121843108,0.019777892344496034,9.877640254663273,1.314212466284116,780500.9718677395
