evolution$generation,panic0,staminaH,inf,hunt0,staminaZ,fitness
357000,6.686457387003141,1.0925070594998791,0.019765677750486977,8.832696884385243,1.464341469074049,780969.356909585
