evolution$generation,panic0,staminaH,inf,hunt0,staminaZ,fitness
162000,4.346005707047527,1.7380841638386533,0.01981819736207379,7.257347541556683,1.791011996003881,783077.2900957046
