evolution$generation,panic0,staminaH,inf,hunt0,staminaZ,fitness
62000,2.0289160357610867,4.083881275555392,0.020618387352828702,7.157778110513691,2.080326985354715,797978.2252077092
