evolution$generation,panic0,staminaH,inf,hunt0,staminaZ,fitness
240000,5.7370565520516585,1.2909839655369408,0.01979135053873498,7.567791219154552,1.7131694058328952,781877.4598460891
