evolution$generation,panic0,staminaH,inf,hunt0,staminaZ,fitness
230000,5.572169034106547,1.3207918206878828,0.01979965396217604,7.4958821439493795,1.7294531930135557,781985.8124992795
