evolution$generation,panic0,staminaH,inf,hunt0,staminaZ,fitness
461000,7.101893051463399,1.0201525996518899,0.019773070103656594,9.766899437070428,1.3295213021296337,780541.9992268315
