evolution$generation,panic0,staminaH,inf,hunt0,staminaZ,fitness
148000,4.124773871189914,1.8678297132701125,0.019800216553750145,7.222221823381012,1.7953611447485025,783428.0195911654
