evolution$generation,panic0,staminaH,inf,hunt0,staminaZ,fitness
409000,6.890488847426456,1.055669486182807,0.019762315845337733,9.295203329493601,1.3945726495743649,780746.6632202156
