evolution$generation,panic0,staminaH,inf,hunt0,staminaZ,fitness
386000,6.8361089419445245,1.0634826914787519,0.019763192993359244,9.009265890917925,1.4330987814568985,780870.9654689822
