evolution$generation,panic0,staminaH,inf,hunt0,staminaZ,fitness
178000,4.687441161602991,1.609533492016595,0.01980050422393099,7.294438346974945,1.774170565106486,782688.7482951896
