evolution$generation,panic0,staminaH,inf,hunt0,staminaZ,fitness
253000,5.965568028010812,1.237292894482197,0.01979522575380833,7.670083150802426,1.689876965720534,781737.3217102815
