evolution$generation,panic0,staminaH,inf,hunt0,staminaZ,fitness
175000,4.613512265794214,1.635111784216909,0.019813600507758104,7.293918407754369,1.7832408688928838,782764.1726108217
