evolution$generation,panic0,staminaH,inf,hunt0,staminaZ,fitness
339000,6.539414367195611,1.1179372707353616,0.0197728965756553,8.63246127062972,1.4983703587690012,781086.7957242974
