evolution$generation,panic0,staminaH,inf,hunt0,staminaZ,fitness
35000,1.6560133147014107,5.8176694545856895,0.022427947016700693,0.6886909186329557,21.808716673957882,886865.0138580617
