evolution$generation,panic0,staminaH,inf,hunt0,staminaZ,fitness
157000,4.250526843076516,1.793250870556575,0.0198208331940218,7.244468399142638,1.7934770043503367,783215.8714713767
