evolution$generation,panic0,staminaH,inf,hunt0,staminaZ,fitness
115000,3.317460935829311,2.3845418445341733,0.019884227373665322,7.231574705786126,1.8220694838441729,785314.1922397707
