evolution$generation,panic0,staminaH,inf,hunt0,staminaZ,fitness
140000,3.9330486825264868,1.9479306945142691,0.019841269400940904,7.226682010828755,1.807602685464275,783733.6325309374
