evolution$generation,panic0,staminaH,inf,hunt0,staminaZ,fitness
60000,2.0286740152708327,4.082367704860685,0.02072394554341924,7.161733866800489,2.068741105030942,798409.6231907604
