evolution$generation,panic0,staminaH,inf,hunt0,staminaZ,fitness
305000,6.367193327651631,1.1509354977423976,0.01979968462617481,8.334498577741241,1.5601809235888897,781275.5306525785
