evolution$generation,panic0,staminaH,inf,hunt0,staminaZ,fitness
209000,5.204827335161964,1.4327627114441552,0.019807144833429876,7.427727743082195,1.749720528510875,782221.7972301238
