evolution$generation,panic0,staminaH,inf,hunt0,staminaZ,fitness
329000,6.472328450628339,1.1268083562288287,0.0197653948769382,8.527637714893398,1.5157189035001377,781146.5399854188
