evolution$generation,panic0,staminaH,inf,hunt0,staminaZ,fitness
304000,6.362948002924523,1.1510174617109175,0.01980008278087,8.334175044549196,1.5606683147438334,781277.0711667229
