evolution$generation,panic0,staminaH,inf,hunt0,staminaZ,fitness
12000,1.3544540735123483,95.28076542551065,0.029415058928133543,0.6568796584891422,45.07275944865465,1228681.4480560934
