evolution$generation,panic0,staminaH,inf,hunt0,staminaZ,fitness
400000,6.8636056922680915,1.0618624722688077,0.019783573604890914,9.217738417054642,1.4081159563104344,780784.0947324622
