evolution$generation,panic0,staminaH,inf,hunt0,staminaZ,fitness
127000,3.6647839530385626,2.14933015430862,0.0198543464733349,7.2125972315761455,1.8124609459622392,784355.0519423262
