evolution$generation,panic0,staminaH,inf,hunt0,staminaZ,fitness
402000,6.868246840357858,1.0611463856466765,0.019783800109740058,9.232036561613105,1.4075143799597478,780779.3938796306
