evolution$generation,panic0,staminaH,inf,hunt0,staminaZ,fitness
202000,5.12827412911409,1.456177812003288,0.019793689951108064,7.381630924854013,1.754983592698848,782290.8375513329
