evolution$generation,panic0,staminaH,inf,hunt0,staminaZ,fitness
372000,6.751108221429769,1.076855749760333,0.01977907595238378,8.920794641649117,1.4535851969898201,780922.0906377514
