evolution$generation,panic0,staminaH,inf,hunt0,staminaZ,fitness
411000,6.911245127783578,1.0496967911638981,0.019772779928073587,9.310525463257967,1.39355329663127,780737.340759869
