evolution$generation,panic0,staminaH,inf,hunt0,staminaZ,fitness
109000,3.209831828749309,2.537476412816595,0.01990243484044945,7.182380882326347,1.8347885018840955,785863.4554399567
