evolution$generation,panic0,staminaH,inf,hunt0,staminaZ,fitness
288000,6.1771718573446055,1.1887050223642623,0.019795733953548403,8.092360945629288,1.6043253854253199,781441.1859586206
