evolution$generation,panic0,staminaH,inf,hunt0,staminaZ,fitness
214000,5.273073894196692,1.4123312215537662,0.019809960944841574,7.443677825701213,1.745202601331212,782170.9822923476
