evolution$generation,panic0,staminaH,inf,hunt0,staminaZ,fitness
198000,5.042037320883663,1.4811074639942297,0.01980243960037028,7.3584186428778535,1.7626793136287375,782362.9099708007
