evolution$generation,panic0,staminaH,inf,hunt0,staminaZ,fitness
158000,4.272872945726257,1.786784993676559,0.01982139464885191,7.244591507023845,1.793998006251705,783190.0502568752
