evolution$generation,panic0,staminaH,inf,hunt0,staminaZ,fitness
201000,5.126830287083122,1.4630576897746412,0.01979705622124842,7.3788130003615935,1.7571570125112412,782300.8119983803
