evolution$generation,panic0,staminaH,inf,hunt0,staminaZ,fitness
218000,5.3559895991000435,1.3864172469923128,0.019788821928858735,7.446054837202625,1.7386644287253759,782116.972691865
