evolution$generation,panic0,staminaH,inf,hunt0,staminaZ,fitness
430000,7.009799280822823,1.0358749323281604,0.01977201473898073,9.458318147484801,1.3721177692127173,780667.4668308435
