evolution$generation,panic0,staminaH,inf,hunt0,staminaZ,fitness
497000,7.228477187264527,1.0026199498063408,0.019769144673421942,10.115952541967557,1.2836742224709434,780407.1913779322
