evolution$generation,panic0,staminaH,inf,hunt0,staminaZ,fitness
39000,1.9893500977009635,4.427090744354926,0.0219759328469932,0.6782995720127386,21.61398377764895,875382.0780158273
