evolution$generation,panic0,staminaH,inf,hunt0,staminaZ,fitness
399000,6.858311537099951,1.061988712922776,0.01977996270931373,9.203422410194342,1.4116067700272021,780791.71862264
