evolution$generation,panic0,staminaH,inf,hunt0,staminaZ,fitness
315000,6.440271734194972,1.1315310904313702,0.019777680084124453,8.35669408038126,1.5493925799732997,781238.1705461682
