evolution$generation,panic0,staminaH,inf,hunt0,staminaZ,fitness
187000,4.820802848824187,1.5599167477911664,0.0198093510857992,7.347167653163537,1.7687849392724424,782542.2454591738
