evolution$generation,panic0,staminaH,inf,hunt0,staminaZ,fitness
212000,5.240158307573931,1.4164888823383344,0.01981083625412294,7.42908877461449,1.7486788837866203,782197.0206663457
