evolution$generation,panic0,staminaH,inf,hunt0,staminaZ,fitness
149000,4.148569151482075,1.8532496965889944,0.01981352593427881,7.225080647282593,1.7955001632694443,783385.1927879623
