evolution$generation,panic0,staminaH,inf,hunt0,staminaZ,fitness
205000,5.171561171175487,1.4360414673308088,0.019780493403838396,7.3878051407532705,1.7492508545552934,782255.6778672859
