evolution$generation,panic0,staminaH,inf,hunt0,staminaZ,fitness
378000,6.817503172213218,1.0667704685339383,0.01976363099150817,8.944317605036819,1.4458208250244897,780898.5380660227
