evolution$generation,panic0,staminaH,inf,hunt0,staminaZ,fitness
471000,7.136715149530868,1.0131906058862936,0.019781521008834832,9.888821845339349,1.3149848855817283,780498.0099922905
