evolution$generation,panic0,staminaH,inf,hunt0,staminaZ,fitness
170000,4.49972418660443,1.6944314331799943,0.019825456797821786,7.289798236555936,1.7828878272464728,782898.3437943909
