evolution$generation,panic0,staminaH,inf,hunt0,staminaZ,fitness
439000,7.026710299931061,1.0350643545691334,0.01977095804840229,9.56767445312765,1.3571763638909238,780626.1931553293
