evolution$generation,panic0,staminaH,inf,hunt0,staminaZ,fitness
104000,3.0825330816351295,2.598771297866115,0.01992429793877977,7.169761954306663,1.8371410069790235,786248.1873169523
