evolution$generation,panic0,staminaH,inf,hunt0,staminaZ,fitness
207000,5.200383574878316,1.432797633067145,0.019781179435738466,7.38810619352392,1.7497456445518023,782239.7861411524
