evolution$generation,panic0,staminaH,inf,hunt0,staminaZ,fitness
362000,6.724173652553766,1.0837320341163799,0.019769639992899816,8.86453454801744,1.4620806521995624,780950.7521484431
