evolution$generation,panic0,staminaH,inf,hunt0,staminaZ,fitness
352000,6.6446432788713885,1.093466676496916,0.01978510811898486,8.78873594486433,1.4773513080548337,781000.7208187608
