evolution$generation,panic0,staminaH,inf,hunt0,staminaZ,fitness
227000,5.521086856463874,1.3382696028230143,0.01979516456460428,7.479407050397824,1.7348021768753836,782020.087077362
