evolution$generation,panic0,staminaH,inf,hunt0,staminaZ,fitness
358000,6.686581523314001,1.0862802467718604,0.01976397223811531,8.84893004421293,1.4642317225036605,780964.7172856373
