evolution$generation,panic0,staminaH,inf,hunt0,staminaZ,fitness
415000,6.946046435137237,1.0443071034338358,0.019762348159464285,9.337449453499163,1.3876776359994163,780720.4918758278
