evolution$generation,panic0,staminaH,inf,hunt0,staminaZ,fitness
443000,7.029684304725846,1.0324600492424727,0.01978841672287735,9.652508051845864,1.3483017110288624,780598.1589334958
