evolution$generation,panic0,staminaH,inf,hunt0,staminaZ,fitness
331000,6.464247656193896,1.125990266375068,0.019773772942167027,8.56217871846361,1.5138179873798674,781135.7717597809
