evolution$generation,panic0,staminaH,inf,hunt0,staminaZ,fitness
336000,6.512009740778317,1.1260588156278548,0.0197706612718378,8.596823502603124,1.5069889950996795,781112.1632284212
