evolution$generation,panic0,staminaH,inf,hunt0,staminaZ,fitness
300000,6.30563591527661,1.1612028161604426,0.019762304923476796,8.228450849714816,1.5691917747906383,781330.18506929
