evolution$generation,panic0,staminaH,inf,hunt0,staminaZ,fitness
56000,2.0087931724433385,4.407478010806584,0.02077857910897541,0.8349975071729101,15.550217797806685,842321.1581821823
