evolution$generation,panic0,staminaH,inf,hunt0,staminaZ,fitness
481000,7.179736980566832,1.0105874020480505,0.019770842852087463,9.947097833287966,1.3049331918277058,780469.345094936
