evolution$generation,panic0,staminaH,inf,hunt0,staminaZ,fitness
120000,3.5217759475441714,2.2653580803140168,0.01987180534356118,7.217814571532638,1.8177957506356757,784768.0475449131
