evolution$generation,panic0,staminaH,inf,hunt0,staminaZ,fitness
316000,6.463887196511305,1.1314113705372495,0.019777420018591965,8.356721836617059,1.5493436669146021,781233.8253162042
