evolution$generation,panic0,staminaH,inf,hunt0,staminaZ,fitness
260000,6.01022459804084,1.2226486463660573,0.019788539786255693,7.758179744444009,1.670909972781239,781669.0434631597
