evolution$generation,panic0,staminaH,inf,hunt0,staminaZ,fitness
101000,3.0716742662900276,2.65147637911736,0.01995942452424757,7.1702183018822945,1.8509646231389243,786429.2798230697
