evolution$generation,panic0,staminaH,inf,hunt0,staminaZ,fitness
420000,6.990176570040106,1.0354936019099044,0.019780377803275174,9.376292081156521,1.3854149033244978,780703.981765502
