evolution$generation,panic0,staminaH,inf,hunt0,staminaZ,fitness
125000,3.680741933196913,2.2011392759395725,0.01985464246519764,7.213900560365161,1.8122930501338053,784520.2322538948
