evolution$generation,panic0,staminaH,inf,hunt0,staminaZ,fitness
163000,4.360833750714007,1.7439394670776165,0.019820293458776516,7.263278336019728,1.79102397327635,783064.0011488239
