evolution$generation,panic0,staminaH,inf,hunt0,staminaZ,fitness
442000,7.028041976760716,1.0325057195362066,0.01978793322735206,9.652543304451555,1.3485186597527625,780598.8158143031
