evolution$generation,panic0,staminaH,inf,hunt0,staminaZ,fitness
42000,1.9891692555835176,4.436393242099465,0.021609574176450513,0.712822562787413,18.521998060556957,862185.2601281876
