evolution$generation,panic0,staminaH,inf,hunt0,staminaZ,fitness
446000,7.038673906977082,1.0324914203333566,0.019767562750930532,9.680717157371575,1.3390832177210983,780578.3807642902
