evolution$generation,panic0,staminaH,inf,hunt0,staminaZ,fitness
66000,2.0920890497359226,4.081511287394825,0.02054427483826536,7.157431408712648,2.0124608218747033,796300.9744685276
