evolution$generation,panic0,staminaH,inf,hunt0,staminaZ,fitness
257000,6.009929844123821,1.2252567238366001,0.01979560715316305,7.708146926420757,1.682716295740338,781700.8592368178
