evolution$generation,panic0,staminaH,inf,hunt0,staminaZ,fitness
296000,6.244736131918721,1.1714476347187404,0.019785806002127003,8.166571131003646,1.5861301179871417,781380.134566943
