evolution$generation,panic0,staminaH,inf,hunt0,staminaZ,fitness
452000,7.03876058526536,1.0291282773709816,0.019780903248117127,9.741755856291592,1.3356580491481003,780564.0219174323
