evolution$generation,panic0,staminaH,inf,hunt0,staminaZ,fitness
59000,2.028102824772188,4.085141154446883,0.020796714273558767,7.19277711710464,2.08136835436332,799078.4209598396
