evolution$generation,panic0,staminaH,inf,hunt0,staminaZ,fitness
97000,2.989153305614726,2.739792144287787,0.01998259658022378,7.1623547197516,1.8658089260366555,786870.2365677085
