evolution$generation,panic0,staminaH,inf,hunt0,staminaZ,fitness
360000,6.714055236103795,1.084879239840067,0.01976953126502663,8.850109836941074,1.4615629302735897,780956.6737417429
