evolution$generation,panic0,staminaH,inf,hunt0,staminaZ,fitness
248000,5.873747555565573,1.2551164865013453,0.019787037886628504,7.631916451719232,1.6962056667384415,781784.8980595453
