evolution$generation,panic0,staminaH,inf,hunt0,staminaZ,fitness
206000,5.190655957128392,1.4410570948640475,0.019781263580481226,7.388006811591399,1.749759454676929,782249.6744577636
