evolution$generation,panic0,staminaH,inf,hunt0,staminaZ,fitness
160000,4.317506442608017,1.7597414202733257,0.019805828223992353,7.246850798877902,1.791268992542807,783123.241088606
