evolution$generation,panic0,staminaH,inf,hunt0,staminaZ,fitness
139000,3.9135503759555315,1.9571510010514555,0.01983900611240411,7.2152063666756945,1.8075962262155358,783769.8055215543
