evolution$generation,panic0,staminaH,inf,hunt0,staminaZ,fitness
235000,5.634554677945562,1.3143683018795072,0.019786133902483054,7.540641666790776,1.7158273115754816,781929.4359414577
