evolution$generation,panic0,staminaH,inf,hunt0,staminaZ,fitness
361000,6.724314890607847,1.0855335502822872,0.019768658529444906,8.858910936784163,1.4625921219240938,780953.5950071996
