evolution$generation,panic0,staminaH,inf,hunt0,staminaZ,fitness
7000,58.546785598640184,97.4256159842192,0.04344095161810823,0.6884761058868213,74.11556818806436,2177419.7807897795
