evolution$generation,panic0,staminaH,inf,hunt0,staminaZ,fitness
225000,5.496802273237822,1.3441800533800163,0.019811421586277436,7.47985346887358,1.7379726025508957,782035.3840012159
