evolution$generation,panic0,staminaH,inf,hunt0,staminaZ,fitness
228000,5.557927343081523,1.3427298556278917,0.019812687801385016,7.488464931265357,1.7351428542662097,782013.0158461687
