evolution$generation,panic0,staminaH,inf,hunt0,staminaZ,fitness
54000,1.9913650247653358,4.405026551091988,0.020809998208506954,0.8062223455008425,15.507351051363075,843899.159819226
