evolution$generation,panic0,staminaH,inf,hunt0,staminaZ,fitness
306000,6.370533239719848,1.1487323334041017,0.01979982741590522,8.338348640558783,1.5596208890745942,781272.4576690476
