evolution$generation,panic0,staminaH,inf,hunt0,staminaZ,fitness
370000,6.747848767400622,1.0821727493283344,0.019771503352504924,8.914033551328165,1.4554062011026399,780929.4795834759
