evolution$generation,panic0,staminaH,inf,hunt0,staminaZ,fitness
246000,5.852639285650499,1.2632252950966916,0.019795822184476525,7.613501992067774,1.7042775470429932,781809.9667409351
