evolution$generation,panic0,staminaH,inf,hunt0,staminaZ,fitness
444000,7.037877999375784,1.0324735470244926,0.019767538997325418,9.666885367432164,1.3411179216461828,780583.6118184535
