evolution$generation,panic0,staminaH,inf,hunt0,staminaZ,fitness
17000,1.2375226650588032,8.257169697978982,0.024983970218904587,0.6341212864919347,33.23069813892589,1010451.2544029258
