evolution$generation,panic0,staminaH,inf,hunt0,staminaZ,fitness
238000,5.69474466811472,1.302457387068349,0.019791869670021684,7.567576920062461,1.713158717836023,781894.6399631791
