evolution$generation,panic0,staminaH,inf,hunt0,staminaZ,fitness
258000,6.010129937326444,1.2186579424020352,0.019773290797491856,7.7193851927234505,1.6773155718090658,781692.5413569366
