evolution$generation,panic0,staminaH,inf,hunt0,staminaZ,fitness
348000,6.612801696067387,1.1034590562303925,0.019784200729124707,8.749891210105723,1.4862186258919408,781030.4636612377
