evolution$generation,panic0,staminaH,inf,hunt0,staminaZ,fitness
290000,6.175413079914961,1.1889844383534929,0.019787353768950522,8.103100224443873,1.6011430786760354,781434.194981129
