evolution$generation,panic0,staminaH,inf,hunt0,staminaZ,fitness
489000,7.195220642088435,1.0070828257840296,0.01976331655145664,9.990282893680476,1.2976756956194553,780450.4103758875
