evolution$generation,panic0,staminaH,inf,hunt0,staminaZ,fitness
375000,6.815425150489844,1.0667742515117276,0.0197712866110772,8.93295975023998,1.451057493865556,780906.4273071226
