evolution$generation,panic0,staminaH,inf,hunt0,staminaZ,fitness
491000,7.211834649125463,1.0063943853371797,0.01977629755469119,10.008997168174854,1.2975890000083339,780446.3120393225
