evolution$generation,panic0,staminaH,inf,hunt0,staminaZ,fitness
29000,1.6341897344192815,7.279899098833559,0.022854864208875936,0.697814437350321,22.833862454263357,901587.9642730453
