evolution$generation,panic0,staminaH,inf,hunt0,staminaZ,fitness
18000,1.2301070964401004,9.430707936949851,0.024673930287918765,0.6660185255503367,26.68591019660601,965948.2143627373
