evolution$generation,panic0,staminaH,inf,hunt0,staminaZ,fitness
130000,3.7272137701457724,2.0611828556171186,0.019854031678218524,7.213878022673345,1.8165005327830936,784161.417019143
