evolution$generation,panic0,staminaH,inf,hunt0,staminaZ,fitness
13000,1.3071195387390366,94.9468610067292,0.028703085658785286,0.6427812377064204,43.3367801713008,1196395.851614454
