evolution$generation,panic0,staminaH,inf,hunt0,staminaZ,fitness
186000,4.820653736718063,1.5599144412226145,0.019808792811437916,7.340895090916383,1.7688085564169016,782544.0642729606
