evolution$generation,panic0,staminaH,inf,hunt0,staminaZ,fitness
414000,6.9228678342312016,1.0527742085691492,0.01976279284647666,9.340375131166322,1.3875756744608032,780724.7263533958
