evolution$generation,panic0,staminaH,inf,hunt0,staminaZ,fitness
454000,7.058143081971776,1.0311546425644846,0.019786559248819623,9.742470254098237,1.334485457063167,780561.0400323109
