evolution$generation,panic0,staminaH,inf,hunt0,staminaZ,fitness
441000,7.028037585280979,1.032482404658386,0.01979841350613511,9.652797284509864,1.3494155269909351,780602.0336379755
