evolution$generation,panic0,staminaH,inf,hunt0,staminaZ,fitness
359000,6.7098950067688,1.0860072100873448,0.019773541119106935,8.850395964135487,1.464246690996253,780958.5127805582
