evolution$generation,panic0,staminaH,inf,hunt0,staminaZ,fitness
32000,1.6341812821229051,6.021290536709344,0.022518287422465345,0.6857031393051651,22.8364360480381,893935.2915485604
