evolution$generation,panic0,staminaH,inf,hunt0,staminaZ,fitness
421000,6.988950544957021,1.0365066484213759,0.019776241308542643,9.378148735080044,1.382807656390748,780700.3319583007
