evolution$generation,panic0,staminaH,inf,hunt0,staminaZ,fitness
458000,7.090806022835657,1.022790341598717,0.01977784173433377,9.758012833322939,1.331446826997104,780547.6621327099
