evolution$generation,panic0,staminaH,inf,hunt0,staminaZ,fitness
337000,6.52548262881381,1.1187778790050404,0.019759585035637562,8.606716002673465,1.5038151215660762,781102.9972533999
