evolution$generation,panic0,staminaH,inf,hunt0,staminaZ,fitness
466000,7.105501271454565,1.0201950339206365,0.019759888237323775,9.819284302232814,1.3190499400026572,780518.8520984348
