evolution$generation,panic0,staminaH,inf,hunt0,staminaZ,fitness
417000,6.968118013432183,1.0445118652437528,0.019771043986006476,9.372637326586656,1.3862792111373745,780712.6266902875
