evolution$generation,panic0,staminaH,inf,hunt0,staminaZ,fitness
301000,6.294672609372872,1.161997210874271,0.01977840048809401,8.251809480325093,1.569620292950858,781323.1584048388
