evolution$generation,panic0,staminaH,inf,hunt0,staminaZ,fitness
114000,3.3044123301473953,2.4429326189017533,0.01989118555743235,7.210931158426382,1.8220977131928666,785458.8793380957
