evolution$generation,panic0,staminaH,inf,hunt0,staminaZ,fitness
297000,6.287383891322842,1.1745326675126262,0.01976768057288503,8.202459980864047,1.576658798369181,781358.7150047407
