evolution$generation,panic0,staminaH,inf,hunt0,staminaZ,fitness
363000,6.724702961578531,1.0843095349676866,0.01977251446233239,8.867549476183143,1.4615861653037434,780949.1570299107
