evolution$generation,panic0,staminaH,inf,hunt0,staminaZ,fitness
440000,7.028159173332567,1.0324990813426376,0.019778559742059946,9.583467602424168,1.3519789591197553,780619.9514831387
