evolution$generation,panic0,staminaH,inf,hunt0,staminaZ,fitness
156000,4.242536808778481,1.811885616821534,0.01981214246045371,7.252900815275415,1.7900585702135516,783239.0473387995
