evolution$generation,panic0,staminaH,inf,hunt0,staminaZ,fitness
450000,7.038629975767533,1.0293024541314346,0.019774352117946533,9.709440345465284,1.3358369027290689,780568.7000684652
