evolution$generation,panic0,staminaH,inf,hunt0,staminaZ,fitness
194000,5.009379376730149,1.5096502492739194,0.01979230607999544,7.352899233110813,1.762680770078874,782409.789907366
