evolution$generation,panic0,staminaH,inf,hunt0,staminaZ,fitness
401000,6.8688019405737215,1.0573713241306115,0.019771222366917394,9.213434567002494,1.4067550217809246,780780.399549898
