evolution$generation,panic0,staminaH,inf,hunt0,staminaZ,fitness
302000,6.410666487547586,1.1483789471248123,0.019764405761958564,8.236448701202345,1.5687722318487145,781309.8459325307
