evolution$generation,panic0,staminaH,inf,hunt0,staminaZ,fitness
451000,7.0386440884662,1.0293755589906612,0.019765003818494168,9.709819944210963,1.3349521010297745,780566.91690342
