evolution$generation,panic0,staminaH,inf,hunt0,staminaZ,fitness
371000,6.747865488983622,1.0770188445990352,0.019770225116659643,8.910777511152542,1.4540375845783045,780925.4267099602
