evolution$generation,panic0,staminaH,inf,hunt0,staminaZ,fitness
338000,6.530169287606405,1.1178551863559216,0.01977641709077658,8.614990002886925,1.5037752483395266,781096.5648455794
