evolution$generation,panic0,staminaH,inf,hunt0,staminaZ,fitness
318000,6.443067776681671,1.1326779326715768,0.019780529063802964,8.3908673725749,1.5437022235565336,781221.3228605232
