evolution$generation,panic0,staminaH,inf,hunt0,staminaZ,fitness
36000,1.9713574170297083,4.65730500666622,0.022428869048836602,0.7008362053277578,21.822399078483638,881618.7571913663
