evolution$generation,panic0,staminaH,inf,hunt0,staminaZ,fitness
165000,4.402380438181424,1.7273285394637554,0.01982420173759031,7.270297140755718,1.7911403943353892,783013.7011362109
