evolution$generation,panic0,staminaH,inf,hunt0,staminaZ,fitness
105000,3.115279033076107,2.5993067712839735,0.019909474201710624,7.17046987575434,1.837903639234482,786169.7607372184
