evolution$generation,panic0,staminaH,inf,hunt0,staminaZ,fitness
197000,5.036980223151302,1.4904962004705302,0.019807912527222384,7.354634510290595,1.7626783540192785,782375.8176924402
