evolution$generation,panic0,staminaH,inf,hunt0,staminaZ,fitness
448000,7.0386664799436325,1.032464507144486,0.019773584138955854,9.706818866080043,1.3377222467799494,780571.6801963827
