evolution$generation,panic0,staminaH,inf,hunt0,staminaZ,fitness
191000,4.897592226778907,1.5381369996062024,0.01980772049676939,7.3707048619408715,1.760596203802366,782467.6508787548
