evolution$generation,panic0,staminaH,inf,hunt0,staminaZ,fitness
393000,6.853053883609264,1.0635244382290077,0.019782123967279987,9.108901723335057,1.4253657263369846,780830.3508410279
