evolution$generation,panic0,staminaH,inf,hunt0,staminaZ,fitness
25000,1.3129774087410546,8.394351272191546,0.023473337245967084,0.6972515033597028,23.801500362507046,922428.8783646661
