evolution$generation,panic0,staminaH,inf,hunt0,staminaZ,fitness
135000,3.849358128974456,2.0192954254461704,0.019847127477706516,7.22403686885799,1.8069407794728516,783916.8215929323
