evolution$generation,panic0,staminaH,inf,hunt0,staminaZ,fitness
118000,3.505997107172586,2.331350671235351,0.019885270202166946,7.235923896401928,1.822493922416441,785023.4534372729
