evolution$generation,panic0,staminaH,inf,hunt0,staminaZ,fitness
308000,6.404329524262932,1.1441822377693323,0.01978596390174878,8.333705225629167,1.5552932036577953,781260.6671179666
