evolution$generation,panic0,staminaH,inf,hunt0,staminaZ,fitness
211000,5.231068636911423,1.4285204683777397,0.019811438055565584,7.4346804934034605,1.7488631520014155,782205.8746089248
