evolution$generation,panic0,staminaH,inf,hunt0,staminaZ,fitness
122000,3.5217142676012574,2.238184269530119,0.019874683349719934,7.204286882298391,1.818735975588168,784709.9461525135
