evolution$generation,panic0,staminaH,inf,hunt0,staminaZ,fitness
307000,6.405763932546179,1.1440861416986525,0.019792849491688417,8.333835453954405,1.558650541052106,781264.7610326316
