evolution$generation,panic0,staminaH,inf,hunt0,staminaZ,fitness
351000,6.617749243917781,1.0995704461613793,0.019782159847008218,8.789320629739263,1.4776167595550531,781005.7434000173
